"","week","name","value"
"1",1,"11788",21.06644
"2",1,"38178",37.6858810517192
"3",1,"38177",15.2788079137522
"4",1,"38176",22.6737013891004
"5",1,"43337",26.92452
"6",1,"11296",27.8352880619232
"7",1,"88296",15.5239219623266
"8",1,"10807",13.8423986448713
"9",1,"26827",19.5848615669605
"10",1,"11297",22.4980531403666
"11",2,"11788",33.50338
"12",2,"38178",40.1083412655302
"13",2,"38177",26.2529226435054
"14",2,"38176",33.8336441404326
"15",2,"43337",35.26824
"16",2,"11296",38.810028904932
"17",2,"88296",34.6122905454357
"18",2,"10807",20.3206412106711
"19",2,"26827",19.3010229935262
"20",2,"11297",21.4538397034719
"21",3,"11788",41.45298
"22",3,"38178",39.3863531233747
"23",3,"38177",28.9473182299555
"24",3,"38176",23.4206460382428
"25",3,"43337",49.43904
"26",3,"11296",38.0683857422844
"27",3,"88296",32.9332848012834
"28",3,"10807",25.9604299156958
"29",3,"26827",34.590460815849
"30",3,"11297",39.3478608720757
"31",4,"11788",20.96184
"32",4,"38178",11.5043110546085
"33",4,"38177",14.2707869767039
"34",4,"38176",10.1279797492275
"35",4,"43337",15.85836
"36",4,"11296",7.87404123747147
"37",4,"88296",6.9637451355827
"38",4,"10807",4.54821669760057
"39",4,"26827",12.4321295164184
"40",4,"11297",13.4513676370884
"41",5,"11788",53.69641
"42",5,"38178",84.6531096677261
"43",5,"38177",36.1619586473207
"44",5,"38176",44.5365747051184
"45",5,"43337",39.54888
"46",5,"11296",81.2493754143098
"47",5,"88296",19.2672790312565
"48",5,"10807",33.8782819405622
"49",5,"26827",32.9536583757117
"50",5,"11297",31.9719168678289
"51",6,"11788",116.13215
"52",6,"38178",16.3017322623519
"53",6,"38177",34.0001024238396
"54",6,"38176",14.1870342241727
"55",6,"43337",39.12552
"56",6,"11296",80.2000292373722
"57",6,"88296",19.9553961395156
"58",6,"10807",43.6549703548827
"59",6,"26827",52.595287657359
"60",6,"11297",32.5509806828342
"61",7,"11788",85.96551
"62",7,"38178",17.3847144755851
"63",7,"38177",20.5408040002312
"64",7,"38176",14.8750095589091
"65",7,"43337",49.34496
"66",7,"11296",44.4118017291853
"67",7,"88296",17.2579770751397
"68",7,"10807",33.0398280797871
"69",7,"26827",35.328441106778
"70",7,"11297",40.2212030192967
"71",8,"11788",64.1198
"72",8,"38178",21.146652689974
"73",8,"38177",27.9646563101914
"74",8,"38176",17.4008618592987
"75",8,"43337",42.17136
"76",8,"11296",39.5911211719758
"77",8,"88296",21.1940069343821
"78",8,"10807",15.6933250922427
"79",8,"26827",34.524231815381
"80",8,"11297",30.9371962803606
"81",9,"11788",37.66646
"82",9,"38178",15.6177434960994
"83",9,"38177",21.0860228718423
"84",9,"38176",17.3271502162913
"85",9,"43337",25.53096
"86",9,"11296",23.8667081596705
"87",9,"88296",26.9879529859242
"88",9,"10807",25.4700135065632
"89",9,"26827",39.1886457054832
"90",9,"11297",25.3174294199821
"91",10,"11788",20.5539
"92",10,"38178",17.0332202484831
"93",10,"38177",28.9219592126713
"94",10,"38176",16.6440889910886
"95",10,"43337",37.6908
"96",10,"11296",19.0539174233403
"97",10,"88296",19.0608438987787
"98",10,"10807",14.1271565598515
"99",10,"26827",16.8410886904298
"100",10,"11297",21.8050751322456
"101",11,"11788",28.0851
"102",11,"38178",15.9502380352499
"103",11,"38177",37.7278779646223
"104",11,"38176",14.5310218915409
"105",11,"43337",32.98092
"106",11,"11296",10.1463096506897
"107",11,"88296",9.01433411819499
"108",11,"10807",12.8852956528545
"109",11,"26827",16.9167789766789
"110",11,"11297",24.8143084003874
"111",12,"11788",24.73267
"112",12,"38178",13.698775013002
"113",12,"38177",25.5428701595468
"114",12,"38176",12.7177154735569
"115",12,"43337",35.09184
"116",12,"11296",13.4442547782078
"117",12,"88296",18.634211291658
"118",12,"10807",10.7496112905029
"119",12,"26827",18.9604167054052
"120",12,"11297",26.9501995213083
"121",13,"11788",30.07773
"122",13,"38178",19.0946863912164
"123",13,"38177",39.851695662177
"124",13,"38176",14.3049728529846
"125",13,"43337",36.90288
"126",13,"11296",17.7363173365089
"127",13,"88296",12.5787807389774
"128",13,"10807",13.0197646682618
"129",13,"26827",22.4894763017705
"130",13,"11297",28.0703557536135
"131",14,"11788",73.04741
"132",14,"38178",42.2078067841664
"133",14,"38177",20.6042015434418
"134",14,"38176",21.4255175675071
"135",14,"43337",34.52736
"136",14,"11296",11.4717995584003
"137",14,"88296",15.3587738563444
"138",14,"10807",16.9272760571569
"139",14,"26827",24.9967170337727
"140",14,"11297",26.4091071040083
"141",15,"11788",119.28061
"142",15,"38178",47.9267128575556
"143",15,"38177",19.444026502688
"144",15,"38176",33.1702393533653
"145",15,"43337",35.02716
"146",15,"11296",15.8269806837352
"147",15,"88296",22.7078645725523
"148",15,"10807",13.8740384132024
"149",15,"26827",46.7482130446143
"150",15,"11297",22.0423963679034
"151",16,"11788",77.75441
"152",16,"38178",19.5506789020514
"153",16,"38177",17.1173366668594
"154",16,"38176",19.6072970399893
"155",16,"43337",34.15692
"156",16,"11296",14.9591003870199
"157",16,"88296",18.4002514748499
"158",16,"10807",12.9090254791028
"159",16,"26827",20.9756705767881
"160",16,"11297",24.83329409924
"161",17,"11788",99.67857
"162",17,"38178",13.8222729846865
"163",17,"38177",32.4532023695011
"164",17,"38176",21.5287138677175
"165",17,"43337",29.59404
"166",17,"11296",12.6552726902848
"167",17,"88296",17.2579770751397
"168",17,"10807",14.5226536639907
"169",17,"26827",26.6808259028157
"170",17,"11297",28.1557913984503
"171",18,"11788",71.5464
"172",18,"38178",48.1832086449003
"173",18,"38177",23.1210840089023
"174",18,"38176",18.9291499243204
"175",18,"43337",44.94084
"176",18,"11296",13.0103146298502
"177",18,"88296",21.5105408041813
"178",18,"10807",11.9835622554172
"179",18,"26827",22.8773890187973
"180",18,"11297",28.4310840318134
"181",19,"11788",25.37596
"182",19,"38178",20.586161895406
"183",19,"38177",23.1337635175444
"184",19,"38176",11.5825561712418
"185",19,"43337",32.95152
"186",19,"11296",24.4821141882505
"187",19,"88296",17.8497577882426
"188",19,"10807",17.654990728773
"189",19,"26827",37.41938526441
"190",19,"11297",28.3931126341082
"191",20,"11788",26.7253
"192",20,"38178",13.3092814099971
"193",20,"38177",31.7621691485057
"194",20,"38176",12.5653780780081
"195",20,"43337",44.18232
"196",20,"11296",12.4580271683041
"197",20,"88296",28.17151441213
"198",20,"10807",17.3148632192133
"199",20,"26827",18.3075879865065
"200",20,"11297",29.6651544572344
"201",21,"11788",28.98466
"202",21,"38178",17.5842111990754
"203",21,"38177",22.6709614521071
"204",21,"38176",12.7570283498276
"205",21,"43337",34.90368
"206",21,"11296",16.9078861441897
"207",21,"88296",25.0061757141379
"208",21,"10807",13.6841998032156
"209",21,"26827",32.8495842321192
"210",21,"11297",28.5449982249292
"211",22,"11788",30.66872
"212",22,"38178",21.9636392718867
"213",22,"38177",30.5766350904677
"214",22,"38176",18.6146469141552
"215",22,"43337",31.68144
"216",22,"11296",36.9874802818299
"217",22,"88296",20.5747015369489
"218",22,"10807",23.5320776962812
"219",22,"26827",15.9233439696592
"220",22,"11297",25.4408364625242
"221",23,"11788",27.18554
"222",23,"38178",57.9395484079746
"223",23,"38177",32.6370552448119
"224",23,"38176",32.4527793614258
"225",23,"43337",32.39292
"226",23,"11296",16.1504633397837
"227",23,"88296",28.6669587300766
"228",23,"10807",14.5542934323218
"229",23,"26827",36.2556471133297
"230",23,"11297",22.1658034104455
"231",24,"11788",28.33091
"232",24,"38178",25.431082323028
"233",24,"38177",29.9489994126828
"234",24,"38176",20.6245177134925
"235",24,"43337",37.79664
"236",24,"11296",14.1543386573385
"237",24,"88296",13.9137279290002
"238",24,"10807",13.304522583242
"239",24,"26827",64.327282025973
"240",24,"11297",29.0006549973923
"241",25,"11788",31.54736
"242",25,"38178",34.4844336318983
"243",25,"38177",33.1632548534598
"244",25,"38176",21.5975114011912
"245",25,"43337",35.75628
"246",25,"11296",12.2292223628064
"247",25,"88296",22.088559175119
"248",25,"10807",15.6695952659943
"249",25,"26827",37.2774659776929
"250",25,"11297",23.808066361198
"251",26,"11788",45.84618
"252",26,"38178",48.5062033400751
"253",26,"38177",42.2925010757847
"254",26,"38176",27.681179004075
"255",26,"43337",35.46816
"256",26,"11296",14.3910332837154
"257",26,"88296",25.8732032705444
"258",26,"10807",12.8220161161922
"259",26,"26827",31.0614012194837
"260",26,"11297",28.7063766651766
"261",27,"11788",179.0752
"262",27,"38178",15.703242091881
"263",27,"38177",27.0200329163536
"264",27,"38176",28.0546513286463
"265",27,"43337",41.06592
"266",27,"11296",21.0973810310608
"267",27,"88296",17.7671837352515
"268",27,"10807",14.1746162123482
"269",27,"26827",24.0789723130021
"270",27,"11297",27.7001346259872
"271",28,"11788",96.01234
"272",28,"38178",18.0022043340075
"273",28,"38177",29.2009084027979
"274",28,"38176",29.6271663794725
"275",28,"43337",34.38036
"276",28,"11296",24.6635800684728
"277",28,"88296",20.1480689298282
"278",28,"10807",21.5545921755853
"279",28,"26827",17.7493721254192
"280",28,"11297",24.8522797980927
"281",29,"11788",75.97621
"282",29,"38178",25.4880813868824
"283",29,"38177",32.6814335250593
"284",29,"38176",30.8950066392011
"285",29,"43337",34.23336
"286",29,"11296",23.4090985486752
"287",29,"88296",14.9596659335541
"288",29,"10807",17.0221953621503
"289",29,"26827",24.2114303139381
"290",29,"11297",27.7665845719714
"291",30,"11788",75.84023
"292",30,"38178",25.5260807627853
"293",30,"38177",34.2727118596451
"294",30,"38176",35.8336867207022
"295",30,"43337",35.08596
"296",30,"11296",23.7483608464821
"297",30,"88296",21.8133123318154
"298",30,"10807",16.2944806905342
"299",30,"26827",19.8119324257078
"300",30,"11297",27.7475988731188
"301",31,"11788",66.84986
"302",31,"38178",49.8361814966773
"303",31,"38177",45.8554430042199
"304",31,"38176",28.2069887241951
"305",31,"43337",36.29136
"306",31,"11296",20.9790337178724
"307",31,"88296",17.0653042848272
"308",31,"10807",19.6087464232206
"309",31,"26827",26.1036874701661
"310",31,"11297",22.7733457737297
"311",32,"11788",27.69808
"312",32,"38178",37.1443899451026
"313",32,"38177",46.6859508202787
"314",32,"38176",35.0425150857552
"315",32,"43337",37.60848
"316",32,"11296",20.245280376104
"317",32,"88296",17.4644122076175
"318",32,"10807",11.7937236454304
"319",32,"26827",26.6145969023477
"320",32,"11297",23.4188595347191
"321",33,"11788",30.17187
"322",33,"38178",20.1301693845709
"323",33,"38177",45.6398913573039
"324",33,"38176",21.9316708494917
"325",33,"43337",37.9848
"326",33,"11296",20.655551061824
"327",33,"88296",21.3041056717036
"328",33,"10807",13.0830442049241
"329",33,"26827",30.8437916465174
"330",33,"11297",31.2314746125764
"331",34,"11788",31.59966
"332",34,"38178",44.9817612250795
"333",34,"38177",45.3546024128563
"334",34,"38176",37.1310116376338
"335",34,"43337",28.2828
"336",34,"11296",17.089352024412
"337",34,"88296",16.5010482560546
"338",34,"10807",17.7182702654353
"339",34,"26827",26.5767517592232
"340",34,"11297",26.1433073200715
"341",35,"11788",42.01259
"342",35,"38178",81.7366575671771
"343",35,"38177",21.37131181629
"344",35,"38176",31.0080311584792
"345",35,"43337",44.55864
"346",35,"11296",21.3104061948
"347",35,"88296",26.217261824674
"348",35,"10807",15.1079893781167
"349",35,"26827",31.1749366488574
"350",35,"11297",30.0353755848607
"351",36,"11788",34.57553
"352",36,"38178",60.7135028488876
"353",36,"38177",24.813798412625
"354",36,"38176",40.0499927007299
"355",36,"43337",27.46548
"356",36,"11296",7.87404123747147
"357",36,"88296",19.611337585386
"358",36,"10807",7.60936428363783
"359",36,"26827",22.9341567334841
"360",36,"11297",21.2924612632246
"361",37,"11788",82.83274
"362",37,"38178",41.6093166136955
"363",37,"38177",61.5843734747674
"364",37,"38176",30.4183380144194
"365",37,"43337",34.3392
"366",37,"11296",14.0123218815124
"367",37,"88296",22.3775683605879
"368",37,"10807",12.0231119658311
"369",37,"26827",30.9289432185477
"370",37,"11297",27.1685350581135
"371",38,"11788",76.40507
"372",38,"38178",32.774461716267
"373",38,"38177",47.8651451239956
"374",38,"38176",28.383896667413
"375",38,"43337",32.88096
"376",38,"11296",13.3969158529324
"377",38,"88296",24.4419196853653
"378",38,"10807",12.0389318499966
"379",38,"26827",40.3050774276578
"380",38,"11297",23.1245812025034
"381",39,"11788",95.73515
"382",39,"38178",70.1943471366657
"383",39,"38177",68.4566671587953
"384",39,"38176",40.0499927007299
"385",39,"43337",38.26116
"386",39,"11296",12.3712391386325
"387",39,"88296",20.1205442454978
"388",39,"10807",12.719186869116
"389",39,"26827",27.2106579065596
"390",39,"11297",24.6529299601401
"391",40,"11788",58.49232
"392",40,"38178",34.4749337879226
"393",40,"38177",27.0327124249957
"394",40,"38176",28.3101850244055
"395",40,"43337",32.0754
"396",40,"11296",32.908442887268
"397",40,"88296",24.8272652659905
"398",40,"10807",25.5807526957222
"399",40,"26827",25.8766166114188
"400",40,"11297",25.0896010337506
"401",41,"11788",32.64043
"402",41,"38178",25.7635768621786
"403",41,"38177",26.848859549685
"404",41,"38176",26.9145779167973
"405",41,"43337",34.85664
"406",41,"11296",29.3422438498561
"407",41,"88296",24.868552292486
"408",41,"10807",18.1137673695745
"409",41,"26827",22.8773890187973
"410",41,"11297",27.7950631202503
"411",42,"11788",28.43028
"412",42,"38178",20.1586689164981
"413",42,"38177",38.3364943794439
"414",42,"38176",33.9564968787784
"415",42,"43337",33.7806
"416",42,"11296",17.5548514562866
"417",42,"88296",28.0751780169737
"418",42,"10807",15.2740981618551
"419",42,"26827",27.0876611914047
"420",42,"11297",25.8775075361347
"421",43,"11788",31.33816
"422",43,"38178",21.6121450447847
"423",43,"38177",41.0942875091046
"424",43,"38176",20.0299104598988
"425",43,"43337",33.71592
"426",43,"11296",23.6536829959313
"427",43,"88296",16.1569897019251
"428",43,"10807",21.0879055927011
"429",43,"26827",22.0258732984947
"430",43,"11297",26.2572215131873
"431",44,"11788",38.9112
"432",44,"38178",30.5514982259463
"433",44,"38177",35.7815733880571
"434",44,"38176",23.0422596041377
"435",44,"43337",38.56104
"436",44,"11296",28.1587707179716
"437",44,"88296",23.7950896036017
"438",44,"10807",17.1487544354749
"439",44,"26827",30.9100206469854
"440",44,"11297",28.1842699467292
"441",45,"11788",121.74394
"442",45,"38178",65.054931545796
"443",45,"38177",47.1360733770738
"444",45,"38176",35.0818279620259
"445",45,"43337",30.1644
"446",45,"11296",22.9435991168006
"447",45,"88296",25.1850861622852
"448",45,"10807",16.887726346743
"449",45,"26827",40.6267611442165
"450",45,"11297",25.8110575901505
"451",46,"11788",60.49018
"452",46,"38178",39.4243524992777
"453",46,"38177",33.3597872374126
"454",46,"38176",26.9686331216694
"455",46,"43337",33.00444
"456",46,"11296",14.6119482683338
"457",46,"88296",25.5016200320845
"458",46,"10807",15.5667660189181
"459",46,"26827",20.0106194271118
"460",46,"11297",29.1240620399344
"461",47,"11788",86.07534
"462",47,"38178",37.9898760589425
"463",47,"38177",36.2570549621366
"464",47,"38176",26.7917251784515
"465",47,"43337",34.46268
"466",47,"11296",15.8348705046145
"467",47,"88296",18.1662916580418
"468",47,"10807",12.2920499966457
"469",47,"26827",30.2950370712113
"470",47,"11297",22.3651532483982
"471",48,"11788",63.65433
"472",48,"38178",52.6766348454204
"473",48,"38177",45.0249351881612
"474",48,"38176",34.8901776902064
"475",48,"43337",34.25688
"476",48,"11296",18.9986886771857
"477",48,"88296",21.9509357534672
"478",48,"10807",19.0629604195085
"479",48,"26827",24.4858076015911
"480",48,"11297",28.478548278945
"481",49,"11788",68.86864
"482",49,"38178",19.4081812424155
"483",49,"38177",32.5736577016013
"484",49,"38176",22.9144927562581
"485",49,"43337",33.03384
"486",49,"11296",111.199135471867
"487",49,"88296",20.8499483802525
"488",49,"10807",37.2004576153313
"489",49,"26827",25.7820037536074
"490",49,"11297",22.2797176035613
"491",50,"11788",50.49042
"492",50,"38178",23.8826077549841
"493",50,"38177",30.1265125336725
"494",50,"38176",23.5189282289194
"495",50,"43337",34.42152
"496",50,"11296",97.4235082167312
"497",50,"88296",21.0563835127303
"498",50,"10807",29.8600313625081
"499",50,"26827",21.5528090094376
"500",50,"11297",31.098574720608
"501",51,"11788",62.14286
"502",51,"38178",22.8376249176539
"503",51,"38177",28.2879837805654
"504",51,"38176",17.8087329506068
"505",51,"43337",32.19888
"506",51,"11296",64.4282772997916
"507",51,"88296",18.4415385013455
"508",51,"10807",34.2342293342874
"509",51,"26827",51.9046137953358
"510",51,"11297",22.2037748081508
"511",52,"11788",110.65634
"512",52,"38178",19.5886782779544
"513",52,"38177",34.9510655719984
"514",52,"38176",32.9933314101473
"515",52,"43337",38.87268
"516",52,"11296",29.681506147663
"517",52,"88296",20.2306429828193
"518",52,"10807",30.0261401462466
"519",52,"26827",26.6808259028157
"520",52,"11297",26.3426571580241
"521",53,"11788",46.68821
"522",53,"38178",29.1455213175383
"523",53,"38177",33.0618187843228
"524",53,"38176",24.3838115068738
"525",53,"43337",34.7508
"526",53,"11296",66.9530199811452
"527",53,"88296",21.8270746739805
"528",53,"10807",21.1749149556117
"529",53,"26827",25.2521717498635
"530",53,"11297",26.1622930189242
"531",54,"11788",29.51289
"532",54,"38178",56.2770757122219
"533",54,"38177",34.5263020324874
"534",54,"38176",37.6175084814831
"535",54,"43337",39.09024
"536",54,"11296",47.5361707973603
"537",54,"88296",22.6941022303871
"538",54,"10807",36.0851557816588
"539",54,"26827",22.7449310178613
"540",54,"11297",27.5387561857398
"541",55,"11788",38.53464
"542",55,"38178",61.1884950476741
"543",55,"38177",47.7573693005376
"544",55,"38176",36.7526252035287
"545",55,"43337",51.36768
"546",55,"11296",32.908442887268
"547",55,"88296",33.2911056975781
"548",55,"10807",15.3294677564346
"549",55,"26827",39.917164710631
"550",55,"11297",35.9778993257339
"551",56,"11788",18.6188
"552",56,"38178",25.5260807627853
"553",56,"38177",26.1388070657264
"554",56,"38176",24.5361489024226
"555",56,"43337",18.88656
"556",56,"11296",13.381136211174
"557",56,"88296",10.4731423877044
"558",56,"10807",0
"559",56,"26827",17.4182271230793
"560",56,"11297",15.3309518234987
"561",57,"11788",50.81991
"562",57,"38178",63.4304582259463
"563",57,"38177",42.2037445152899
"564",57,"38176",59.9865350794859
"565",57,"43337",35.60928
"566",57,"11296",38.5417749950382
"567",57,"88296",23.8088519457669
"568",57,"10807",36.2908142758112
"569",57,"26827",30.9667883616723
"570",57,"11297",22.2607319047087
"571",58,"11788",120.57242
"572",58,"38178",15.9217385033227
"573",58,"38177",29.1882288941557
"574",58,"38176",19.6416958067261
"575",58,"43337",37.044
"576",58,"11296",68.5073146943535
"577",58,"88296",24.3318209480439
"578",58,"10807",50.6078094456495
"579",58,"26827",35.5176668224008
"580",58,"11297",28.326662688124
"581",59,"11788",104.77782
"582",59,"38178",28.0150398844265
"583",59,"38177",31.5909957818371
"584",59,"38176",19.2436529344857
"585",59,"43337",41.13648
"586",59,"11296",83.8056773791803
"587",59,"88296",22.0472721486235
"588",59,"10807",43.2041036561641
"589",59,"26827",51.1477109328446
"590",59,"11297",31.6016957402027
"591",60,"11788",75.94483
"592",60,"38178",24.9275905923144
"593",60,"38177",34.9193668003931
"594",60,"38176",24.0889649348439
"595",60,"43337",33.7806
"596",60,"11296",46.2106808896497
"597",60,"88296",36.2500092630925
"598",60,"10807",28.8238289496635
"599",60,"26827",32.7833552316512
"600",60,"11297",32.6838805748026
"601",61,"11788",60.61047
"602",61,"38178",33.1544554752962
"603",61,"38177",45.8554430042199
"604",61,"38176",26.1086639532488
"605",61,"43337",43.35912
"606",61,"11296",35.0781436290563
"607",61,"88296",21.3591550403643
"608",61,"10807",28.3887821351104
"609",61,"26827",43.6070661652757
"610",61,"11297",30.9846605274922
"611",62,"11788",22.59883
"612",62,"38178",29.3735175729558
"613",62,"38177",30.7097699312099
"614",62,"38176",26.2610013487976
"615",62,"43337",33.88056
"616",62,"11296",14.6671770144884
"617",62,"88296",25.0749874249638
"618",62,"10807",16.6899777946734
"619",62,"26827",16.4153308302785
"620",62,"11297",25.8490289878558
"621",63,"11788",24.72221
"622",63,"38178",17.9262055822017
"623",63,"38177",29.3403829978612
"624",63,"38176",22.8751798799875
"625",63,"43337",30.429
"626",63,"11296",13.4915937034832
"627",63,"88296",15.4688725936659
"628",63,"10807",13.7632992240435
"629",63,"26827",16.3774856871539
"630",63,"11297",25.9059860844136
"631",64,"11788",21.42208
"632",64,"38178",17.2707163478763
"633",64,"38177",24.3446565928666
"634",64,"38176",17.3173219972236
"635",64,"43337",30.71124
"636",64,"11296",10.3198857100327
"637",64,"88296",9.46849140964604
"638",64,"10807",16.3498502851137
"639",64,"26827",13.6053289532798
"640",64,"11297",22.2987033024139
"641",65,"11788",38.61309
"642",65,"38178",26.732560947703
"643",65,"38177",33.835268811492
"644",65,"38176",28.531319953428
"645",65,"43337",36.19728
"646",65,"11296",12.1897732584102
"647",65,"88296",15.3862985406748
"648",65,"10807",14.8706911156332
"649",65,"26827",18.1751299855705
"650",65,"11297",20.7513688459246
"651",66,"11788",56.13882
"652",66,"38178",31.2734863681017
"653",66,"38177",30.6907506682467
"654",66,"38176",21.5975114011912
"655",66,"43337",32.0166
"656",66,"11296",13.862415284807
"657",66,"88296",19.3498530842476
"658",66,"10807",13.9768676602786
"659",66,"26827",33.3888775216442
"660",66,"11297",22.8303028702876
"661",67,"11788",130.10671
"662",67,"38178",58.3480416989309
"663",67,"38177",26.3353394496792
"664",67,"38176",13.3074086176168
"665",67,"43337",35.7798
"666",67,"11296",18.5331892453111
"667",67,"88296",19.982920823846
"668",67,"10807",24.2123327154006
"669",67,"26827",46.2278423266516
"670",67,"11297",30.377118164208
"671",68,"11788",84.1507
"672",68,"38178",37.2393883848599
"673",68,"38177",31.7875281657899
"674",68,"38176",14.4818807962026
"675",68,"43337",29.71752
"676",68,"11296",17.1682502332043
"677",68,"88296",14.2577864831298
"678",68,"10807",12.6242675641226
"679",68,"26827",26.3686034720381
"680",68,"11297",22.5550102369244
"681",69,"11788",89.74157
"682",69,"38178",32.422967489165
"683",69,"38177",32.9096646806174
"684",69,"38176",17.567941583449
"685",69,"43337",35.6622
"686",69,"11296",25.0975202168304
"687",69,"88296",20.808661353757
"688",69,"10807",19.8144049173729
"689",69,"26827",29.5002890655955
"690",69,"11297",25.6971433970347
"691",70,"11788",103.36049
"692",70,"38178",52.4581384339786
"693",70,"38177",32.5292794213538
"694",70,"38176",18.2804874658546
"695",70,"43337",35.81508
"696",70,"11296",19.0539174233403
"697",70,"88296",22.0747968329538
"698",70,"10807",17.7499100337664
"699",70,"26827",23.6815983101942
"700",70,"11297",28.2602127421398
"701",71,"11788",26.36966
"702",71,"38178",20.7856586188963
"703",71,"38177",40.6948829868779
"704",71,"38176",30.575589519502
"705",71,"43337",35.40348
"706",71,"11296",44.6563861764414
"707",71,"88296",30.6074489753674
"708",71,"10807",39.8344683288982
"709",71,"26827",26.3402196146946
"710",71,"11297",27.2824492512293
"711",72,"11788",25.14061
"712",72,"38178",18.9616885755562
"713",72,"38177",40.2003821498353
"714",72,"38176",21.9611555066947
"715",72,"43337",39.61944
"716",72,"11296",25.6971466036519
"717",72,"88296",18.6754983181536
"718",72,"10807",22.0291887005523
"719",72,"26827",25.7252360389205
"720",72,"11297",27.5957132822977
"721",73,"11788",28.86437
"722",73,"38178",20.6051615833574
"723",73,"38177",33.7465122509972
"724",73,"38176",19.3271927965608
"725",73,"43337",32.81628
"726",73,"11296",9.58613236826437
"727",73,"88296",20.4783651417926
"728",73,"10807",9.53939015183703
"729",73,"26827",21.9596442980267
"730",73,"11297",27.6716560777082
"731",74,"11788",30.48044
"732",74,"38178",21.2796505056342
"733",74,"38177",35.1729569732355
"734",74,"38176",22.3886830361381
"735",74,"43337",31.53444
"736",74,"11296",18.2491556936588
"737",74,"88296",25.4740953477541
"738",74,"10807",14.5384735481563
"739",74,"26827",28.3649347718587
"740",74,"11297",20.3526691700194
"741",75,"11788",32.79733
"742",75,"38178",25.2505852874892
"743",75,"38177",40.8533768449043
"744",75,"38176",25.2585230038959
"745",75,"43337",34.83312
"746",75,"11296",16.0321160265952
"747",75,"88296",46.6681022821362
"748",75,"10807",16.0571824280507
"749",75,"26827",24.5614978878403
"750",75,"11297",27.5482490351661
"751",76,"11788",29.14156
"752",76,"38178",24.8895912164114
"753",76,"38177",41.6838846609631
"754",76,"38176",22.654044950965
"755",76,"43337",37.3674
"756",76,"11296",18.462180857398
"757",76,"88296",23.1757842061685
"758",76,"10807",13.8028489344574
"759",76,"26827",17.4844561235473
"760",76,"11297",24.7953227015348
"761",77,"11788",35.22405
"762",77,"38178",41.837312869113
"763",77,"38177",39.6171247522978
"764",77,"38176",30.5903318481035
"765",77,"43337",37.1028
"766",77,"11296",9.60191201002282
"767",77,"88296",15.9367922272821
"768",77,"10807",15.4164771193452
"769",77,"26827",34.8932219608455
"770",77,"11297",29.9879113377291
"771",78,"11788",29.39783
"772",78,"38178",33.8479440855244
"773",78,"38177",87.9767707133361
"774",78,"38176",24.3838115068738
"775",78,"43337",30.85236
"776",78,"11296",12.2292223628064
"777",78,"88296",41.5209863123577
"778",78,"10807",13.2887026990765
"779",78,"26827",65.339639604555
"780",78,"11297",25.1275724314558
"781",79,"11788",95.35336
"782",79,"38178",50.4156719791968
"783",79,"38177",30.0504354818198
"784",79,"38176",18.3689414374636
"785",79,"43337",30.59952
"786",79,"11296",13.8860847474447
"787",79,"88296",23.7538025771062
"788",79,"10807",14.7995016368881
"789",79,"26827",21.9880281553701
"790",79,"11297",28.5260125260766
"791",80,"11788",113.98262
"792",80,"38178",64.9789327939902
"793",80,"38177",40.9167743881149
"794",80,"38176",18.9488063624558
"795",80,"43337",34.05108
"796",80,"11296",30.367920564156
"797",80,"88296",20.5471768526185
"798",80,"10807",22.0608284688835
"799",80,"26827",21.1081285777241
"800",80,"11297",23.9029948554612
"801",81,"11788",60.0404
"802",81,"38178",76.682740572089
"803",81,"38177",33.7084737250708
"804",81,"38176",21.1552415431463
"805",81,"43337",35.29176
"806",81,"11296",22.2335152376699
"807",81,"88296",23.2721206013248
"808",81,"10807",19.0234107090946
"809",81,"26827",28.3270896287341
"810",81,"11297",29.5227617158397
"811",82,"11788",61.38974
"812",82,"38178",36.0899072637966
"813",82,"38177",30.938001086768
"814",82,"38176",21.513971539116
"815",82,"43337",34.99188
"816",82,"11296",15.8033112210975
"817",82,"88296",14.4366969312772
"818",82,"10807",15.4718467139247
"819",82,"26827",18.1089009851026
"820",82,"11297",25.2699651728505
"821",83,"11788",81.18529
"822",83,"38178",64.2854441837619
"823",83,"38177",55.2953371882768
"824",83,"38176",27.9661973570373
"825",83,"43337",45.74052
"826",83,"11296",18.2333760519004
"827",83,"88296",22.6390528617264
"828",83,"10807",20.5737593573202
"829",83,"26827",33.5686419514859
"830",83,"11297",34.9716572865445
"831",84,"11788",35.78889
"832",84,"38178",35.0544242704421
"833",84,"38177",49.3993656696919
"834",84,"38176",50.453162583852
"835",84,"43337",37.9554
"836",84,"11296",15.0143291331746
"837",84,"88296",16.5973846512109
"838",84,"10807",16.7295275050873
"839",84,"26827",22.9530793050464
"840",84,"11297",25.042136786619
"841",85,"11788",34.06822
"842",85,"38178",40.5168345564866
"843",85,"38177",48.4801012931384
"844",85,"38176",44.9346175773588
"845",85,"43337",33.19848
"846",85,"11296",14.8802021782276
"847",85,"88296",18.3589644483544
"848",85,"10807",14.3328150540039
"849",85,"26827",28.3270896287341
"850",85,"11297",30.2062468745343
"851",86,"11788",34.86318
"852",86,"38178",41.9228114648945
"853",86,"38177",41.3034994016995
"854",86,"38176",42.0008941856612
"855",86,"43337",29.79984
"856",86,"11296",23.8430386970328
"857",86,"88296",17.6433226557649
"858",86,"10807",27.4949586797558
"859",86,"26827",20.5026062877311
"860",86,"11297",23.2479882450454
"861",87,"11788",54.98299
"862",87,"38178",80.86267192141
"863",87,"38177",66.4976830735881
"864",87,"38176",48.6103715086651
"865",87,"43337",43.08864
"866",87,"11296",31.638181725712
"867",87,"88296",20.505889826123
"868",87,"10807",22.5354249938505
"869",87,"26827",34.4485415291319
"870",87,"11297",32.3136594471763
"871",88,"11788",67.70758
"872",88,"38178",26.9035581392661
"873",88,"38177",43.0596113486329
"874",88,"38176",24.4329526022122
"875",88,"43337",33.15144
"876",88,"11296",11.7952822144487
"877",88,"88296",14.9734282757193
"878",88,"10807",12.9327553053512
"879",88,"26827",21.846108868653
"880",88,"11297",17.0966218167933
"881",89,"11788",69.78389
"882",89,"38178",26.2860682808437
"883",89,"38177",49.0696984449968
"884",89,"38176",29.3175774788411
"885",89,"43337",29.05308
"886",89,"11296",13.9807625979954
"887",89,"88296",20.1755936141586
"888",89,"10807",22.7964530825823
"889",89,"26827",19.8119324257078
"890",89,"11297",22.0803677656087
"891",90,"11788",58.29881
"892",90,"38178",26.1245709332563
"893",90,"38177",42.3495588646743
"894",90,"38176",41.0377287170301
"895",90,"43337",36.22668
"896",90,"11296",16.300369936489
"897",90,"88296",20.9738094597392
"898",90,"10807",16.6583380263423
"899",90,"26827",25.2237878925201
"900",90,"11297",23.8840091566085
"901",91,"11788",103.26112
"902",91,"38178",44.2027740190696
"903",91,"38177",57.2289622561998
"904",91,"38176",36.3250976740853
"905",91,"43337",44.28228
"906",91,"11296",20.7660085541332
"907",91,"88296",28.0063663061478
"908",91,"10807",14.6650326214808
"909",91,"26827",43.0961567330942
"910",91,"11297",38.3606045317389
"911",92,"11788",63.47128
"912",92,"38178",95.7679271193297
"913",92,"38177",70.992568887219
"914",92,"38176",27.6713507850074
"915",92,"43337",54.78396
"916",92,"11296",15.9374381760445
"917",92,"88296",39.6080207513972
"918",92,"10807",12.0863915024933
"919",92,"26827",47.5808061933547
"920",92,"11297",40.8667167802861
"921",93,"11788",26.86128
"922",93,"38178",84.691109043629
"923",93,"38177",43.9598564622233
"924",93,"38176",19.6466099162599
"925",93,"43337",30.135
"926",93,"11296",9.44411559243822
"927",93,"88296",17.9323318412337
"928",93,"10807",15.1475390885306
"929",93,"26827",24.5709591736214
"930",93,"11297",25.4408364625242
"931",94,"11788",31.4846
"932",94,"38178",65.862418283733
"933",94,"38177",42.4129564078849
"934",94,"38176",21.1896403098831
"935",94,"43337",28.29456
"936",94,"11296",13.9728727771162
"937",94,"88296",22.239944938936
"938",94,"10807",12.5293482591292
"939",94,"26827",17.6547592676078
"940",94,"11297",22.3176890012666
"941",95,"11788",35.10899
"942",95,"38178",39.1488570239815
"943",95,"38177",40.8216780732991
"944",95,"38176",23.882572334423
"945",95,"43337",32.55756
"946",95,"11296",19.2274934826833
"947",95,"88296",24.0290494204099
"948",95,"10807",19.1974294349158
"949",95,"26827",30.0395823551205
"950",95,"11297",23.9599519520191
"951",96,"11788",30.09865
"952",96,"38178",82.7436410286044
"953",96,"38177",36.3711705399156
"954",96,"38176",18.1281500703059
"955",96,"43337",25.91316
"956",96,"11296",17.3260466507889
"957",96,"88296",18.634211291658
"958",96,"10807",18.714922967866
"959",96,"26827",25.0440234626784
"960",96,"11297",15.9954512833408
"961",97,"11788",95.45273
"962",97,"38178",31.7294788789367
"963",97,"38177",54.0781043586335
"964",97,"38176",42.2515137718866
"965",97,"43337",37.20864
"966",97,"11296",22.1467272079984
"967",97,"88296",26.0108266921962
"968",97,"10807",21.1986447818601
"969",97,"26827",29.329985921535
"970",97,"11297",27.0736065638504
"971",98,"11788",76.15926
"972",98,"38178",27.4735487778099
"973",98,"38177",33.1378958361755
"974",98,"38176",31.8974849841028
"975",98,"43337",32.51052
"976",98,"11296",16.2135819068175
"977",98,"88296",18.3727267905196
"978",98,"10807",18.2086866745679
"979",98,"26827",25.015639605335
"980",98,"11297",21.7860894333929
"981",99,"11788",69.47009
"982",99,"38178",30.0100071193297
"983",99,"38177",37.5693841065958
"984",99,"38176",30.2266877426
"985",99,"43337",26.07192
"986",99,"11296",22.7700230574576
"987",99,"88296",18.2763903953633
"988",99,"10807",17.5679813658624
"989",99,"26827",29.0556086338819
"990",99,"11297",24.4820586704664
"991",100,"11788",60.60001
"992",100,"38178",48.3637056804392
"993",100,"38177",65.8954064130875
"994",100,"38176",23.4697871335811
"995",100,"43337",32.68692
"996",100,"11296",157.843756509874
"997",100,"88296",17.65708499793
"998",100,"10807",93.7565435072341
"999",100,"26827",34.5431543869433
"1000",100,"11297",20.9886900815825
"1001",101,"11788",58.03731
"1002",101,"38178",16.4062305460849
"1003",101,"38177",39.3698743337765
"1004",101,"38176",39.9713669481886
"1005",101,"43337",30.47016
"1006",101,"11296",35.1886011213655
"1007",101,"88296",18.6617359759884
"1008",101,"10807",32.6126912073168
"1009",101,"26827",28.4879314870135
"1010",101,"11297",24.3871301762032
"1011",102,"11788",63.38237
"1012",102,"38178",23.360116336319
"1013",102,"38177",42.5714502659113
"1014",102,"38176",41.6323359706238
"1015",102,"43337",33.21024
"1016",102,"11296",58.6055894909199
"1017",102,"88296",16.3909495187332
"1018",102,"10807",36.4490131174668
"1019",102,"26827",21.8839540117776
"1020",102,"11297",23.6751664692296
"1021",103,"11788",120.47828
"1022",103,"38178",22.1916355273042
"1023",103,"38177",35.6928168275623
"1024",103,"38176",50.3647086122431
"1025",103,"43337",28.89432
"1026",103,"11296",38.7311306961397
"1027",103,"88296",20.3545040623059
"1028",103,"10807",23.2710496075494
"1029",103,"26827",33.2185743775837
"1030",103,"11297",23.3808881370139
"1031",104,"11788",109.97644
"1032",104,"38178",20.795158462872
"1033",104,"38177",37.3538324596798
"1034",104,"38176",31.5141844404639
"1035",104,"43337",29.01192
"1036",104,"11296",37.8395809367867
"1037",104,"88296",15.2349127768578
"1038",104,"10807",34.0523006663834
"1039",104,"26827",17.6736818391701
"1040",104,"11297",23.4948023301296
"1041",105,"11788",75.65195
"1042",105,"38178",21.7831422363479
"1043",105,"38177",34.1205577559397
"1044",105,"38176",45.9370959222605
"1045",105,"43337",32.45172
"1046",105,"11296",40.4432218269326
"1047",105,"88296",19.9553961395156
"1048",105,"10807",24.0857736420761
"1049",105,"26827",22.2434828714609
"1050",105,"11297",22.1658034104455
"1051",106,"11788",31.1185
"1052",106,"38178",32.071473262063
"1053",106,"38177",42.7299441239378
"1054",106,"38176",41.8780414473154
"1055",106,"43337",31.59324
"1056",106,"11296",53.6271125161258
"1057",106,"88296",23.7538025771062
"1058",106,"10807",31.7188677519623
"1059",106,"26827",30.1531177844942
"1060",106,"11297",23.4853094807033
"1061",107,"11788",34.28788
"1062",107,"38178",66.8314023692574
"1063",107,"38177",38.9451107942656
"1064",107,"38176",61.3821421870942
"1065",107,"43337",32.01072
"1066",107,"11296",37.6581150565645
"1067",107,"88296",38.7272308528255
"1068",107,"10807",28.0486546255507
"1069",107,"26827",26.699748474378
"1070",107,"11297",22.0044249701982
"1071",108,"11788",36.52109
"1072",108,"38178",37.3913858884715
"1073",108,"38177",40.1306448523036
"1074",108,"38176",29.0325591258788
"1075",108,"43337",40.66608
"1076",108,"11296",26.7464927805895
"1077",108,"88296",41.0805913630718
"1078",108,"10807",31.7425975782106
"1079",108,"26827",41.9324185820139
"1080",108,"11297",29.6556616078081
"1081",109,"11788",38.40389
"1082",109,"38178",25.1270873158047
"1083",109,"38177",32.6941130337014
"1084",109,"38176",21.1748979812816
"1085",109,"43337",26.46588
"1086",109,"11296",17.1840298749628
"1087",109,"88296",30.6900230283585
"1088",109,"10807",21.6574214226615
"1089",109,"26827",15.8571149691912
"1090",109,"11297",22.9442170634034
"1091",110,"11788",72.46688
"1092",110,"38178",19.9116729731292
"1093",110,"38177",38.450609957223
"1094",110,"38176",41.7895874757064
"1095",110,"43337",39.70176
"1096",110,"11296",33.2634848268334
"1097",110,"88296",25.0337003984682
"1098",110,"10807",37.4456658198976
"1099",110,"26827",32.7738939458701
"1100",110,"11297",32.5319949839815
"1101",111,"11788",77.3517
"1102",111,"38178",28.5375313030916
"1103",111,"38177",39.953131731314
"1104",111,"38176",35.8336867207022
"1105",111,"43337",35.28
"1106",111,"11296",30.8807589213059
"1107",111,"88296",18.3727267905196
"1108",111,"10807",24.3547116728907
"1109",111,"26827",25.5643941806411
"1110",111,"11297",27.2349850040977
"1111",112,"11788",81.588
"1112",112,"38178",36.5174002427044
"1113",112,"38177",41.0562489831782
"1114",112,"38176",39.7797166763692
"1115",112,"43337",42.37716
"1116",112,"11296",32.1036811575866
"1117",112,"88296",25.8594409283792
"1118",112,"10807",31.9403461302802
"1119",112,"26827",33.4551065221122
"1120",112,"11297",32.5319949839815
"1121",113,"11788",62.32068
"1122",113,"38178",60.5330058133487
"1123",113,"38177",41.7536219584947
"1124",113,"38176",31.7648040266894
"1125",113,"43337",35.77392
"1126",113,"11296",26.5808065421256
"1127",113,"88296",31.2405167149658
"1128",113,"10807",26.355927019835
"1129",113,"26827",31.0424786479214
"1130",113,"11297",26.9596923707346
"1131",114,"11788",32.33709
"1132",114,"38178",21.393648633343
"1133",114,"38177",34.5643405584138
"1134",114,"38176",25.4108603994447
"1135",114,"43337",28.65912
"1136",114,"11296",19.9139078991763
"1137",114,"88296",21.5105408041813
"1138",114,"10807",20.470930110244
"1139",114,"26827",12.7254293756337
"1140",114,"11297",20.8273116413351
"1141",115,"11788",31.18126
"1142",115,"38178",29.6490130482519
"1143",115,"38177",33.4548835522285
"1144",115,"38176",26.0988357341812
"1145",115,"43337",32.12832
"1146",115,"11296",11.6295959759849
"1147",115,"88296",19.3498530842476
"1148",115,"10807",20.2099020215121
"1149",115,"26827",23.8992078831604
"1150",115,"11297",24.1498089405454
"1151",116,"11788",28.20539
"1152",116,"38178",23.6451116555909
"1153",116,"38177",44.8918003474189
"1154",116,"38176",23.2044252187542
"1155",116,"43337",27.68304
"1156",116,"11296",11.5743672298303
"1157",116,"88296",13.8036291916787
"1158",116,"10807",10.6388721013439
"1159",116,"26827",14.7501445327978
"1160",116,"11297",20.8273116413351
"1161",117,"11788",34.34541
"1162",117,"38178",34.8549275469517
"1163",117,"38177",26.5825898682005
"1164",117,"38176",29.5780252841342
"1165",117,"43337",31.1346
"1166",117,"11296",12.4343577056664
"1167",117,"88296",17.5882732871041
"1168",117,"10807",12.9485751895168
"1169",117,"26827",19.5280938522736
"1170",117,"11297",19.678676860751
"1171",118,"11788",52.02281
"1172",118,"38178",40.6498323721468
"1173",118,"38177",39.7756186103243
"1174",118,"38176",25.3027499897004
"1175",118,"43337",33.21612
"1176",118,"11296",18.5963078123449
"1177",118,"88296",18.0424305785552
"1178",118,"10807",19.9805137011114
"1179",118,"26827",21.6758057245925
"1180",118,"11297",23.3619024381612
"1181",119,"11788",113.03076
"1182",119,"38178",67.2208959722624
"1183",119,"38177",37.4172300028904
"1184",119,"38176",13.8774453235413
"1185",119,"43337",32.86332
"1186",119,"11296",17.878334112335
"1187",119,"88296",19.5425258745601
"1188",119,"10807",25.6440322323844
"1189",119,"26827",39.4819455646985
"1190",119,"11297",25.8300432890031
"1191",120,"11788",82.8955
"1192",120,"38178",46.7867315804681
"1193",120,"38177",36.7832545707845
"1194",120,"38176",14.2509176481125
"1195",120,"43337",33.62184
"1196",120,"11296",24.6872495311104
"1197",120,"88296",21.3316303560339
"1198",120,"10807",18.2640562691473
"1199",120,"26827",16.0747245421574
"1200",120,"11297",22.7733457737297
"1201",121,"11788",69.83619
"1202",121,"38178",77.0627343311182
"1203",121,"38177",37.4425890201746
"1204",121,"38176",17.5875980215843
"1205",121,"43337",33.8982
"1206",121,"11296",22.888370370646
"1207",121,"88296",25.5704317429104
"1208",121,"10807",12.0389318499966
"1209",121,"26827",40.4659192859371
"1210",121,"11297",28.9436979008344
"1211",122,"11788",77.16342
"1212",122,"38178",73.4907929962439
"1213",122,"38177",38.2477378189491
"1214",122,"38176",17.7350213075993
"1215",122,"43337",29.6352
"1216",122,"11296",21.0894912101816
"1217",122,"88296",18.6066866073277
"1218",122,"10807",19.5533768286411
"1219",122,"26827",29.3110633499727
"1220",122,"11297",23.7606021140665
"1221",123,"11788",30.05158
"1222",123,"38178",20.2251678243282
"1223",123,"38177",47.6686127400428
"1224",123,"38176",36.6838276700551
"1225",123,"43337",34.6038
"1226",123,"11296",20.6871103453409
"1227",123,"88296",20.1755936141586
"1228",123,"10807",26.9649925602093
"1229",123,"26827",23.8519014542547
"1230",123,"11297",29.7885614997765
"1231",124,"11788",32.19065
"1232",124,"38178",23.6641113435423
"1233",124,"38177",41.3859162078733
"1234",124,"38176",32.0842211463884
"1235",124,"43337",38.3376
"1236",124,"11296",20.1190432420363
"1237",124,"88296",23.4923180759677
"1238",124,"10807",20.1308026006843
"1239",124,"26827",22.9152341619219
"1240",124,"11297",26.7698353822083
"1241",125,"11788",56.32187
"1242",125,"38178",59.0035309332563
"1243",125,"38177",18.049280552055
"1244",125,"38176",54.138744734226
"1245",125,"43337",18.61608
"1246",125,"11296",23.5195560409844
"1247",125,"88296",11.5328427344235
"1248",125,"10807",27.5107785639214
"1249",125,"26827",7.04865790694954
"1250",125,"11297",8.24928615146774
"1251",126,"11788",47.81266
"1252",126,"38178",40.4503356486565
"1253",126,"38177",12.8760410260709
"1254",126,"38176",34.9982880999507
"1255",126,"43337",8.8788
"1256",126,"11296",17.4286143222189
"1257",126,"88296",7.47295179569447
"1258",126,"10807",31.0465226749256
"1259",126,"26827",21.7325734392793
"1260",126,"11297",7.88855787326777
"1261",127,"11788",41.1078
"1262",127,"38178",50.4726710430511
"1263",127,"38177",10.638107750737
"1264",127,"38176",35.838600830236
"1265",127,"43337",3.76908
"1266",127,"11296",39.7646972313188
"1267",127,"88296",9.02809646036017
"1268",127,"10807",35.6263791408574
"1269",127,"26827",5.71461661180875
"1270",127,"11297",2.92379762330502
"1271",128,"11788",51.49981
"1272",128,"38178",106.303254088414
"1273",128,"38177",47.586195933869
"1274",128,"38176",37.4553428668667
"1275",128,"43337",5.4096
"1276",128,"11296",32.253587754292
"1277",128,"88296",12.1934351583523
"1278",128,"10807",36.369913696639
"1279",128,"26827",3.58582731105218
"1280",128,"11297",3.89206826478915
"1281",129,"11788",48.87958
"1282",129,"38178",55.9445811730714
"1283",129,"38177",10.2260237198682
"1284",129,"38176",32.0891352559223
"1285",129,"43337",4.80396
"1286",129,"11296",47.5440606182396
"1287",129,"88296",8.36750403643138
"1288",129,"10807",30.9990630224289
"1289",129,"26827",2.81946316277982
"1290",129,"11297",3.74967552339443
"1291",130,"11788",45.73112
"1292",130,"38178",58.7755346778388
"1293",130,"38177",13.2374070223712
"1294",130,"38176",36.5904595889123
"1295",130,"43337",7.62048
"1296",130,"11296",41.5241272873871
"1297",130,"88296",12.4824443438212
"1298",130,"10807",36.5834821328742
"1299",130,"26827",2.58293101825131
"1300",130,"11297",4.9362817016838
"1301",131,"11788",124.2648
"1302",131,"38178",72.151314995666
"1303",131,"38177",13.7255681050928
"1304",131,"38176",34.5560182419059
"1305",131,"43337",9.21984
"1306",131,"11296",50.20293025454
"1307",131,"88296",14.8633295383978
"1308",131,"10807",37.6196845457188
"1309",131,"26827",5.4686231814991
"1310",131,"11297",6.98673717776784
"1311",132,"11788",178.28024
"1312",132,"38178",115.385104929211
"1313",132,"38177",20.2935535817099
"1314",132,"38176",40.9296183072858
"1315",132,"43337",11.36604
"1316",132,"11296",19.4484084673018
"1317",132,"88296",27.9100299109915
"1318",132,"10807",22.5670647621816
"1319",132,"26827",7.02973533538726
"1320",132,"11297",5.28751713045746
"1321",133,"11788",95.62532
"1322",133,"38178",97.2974019994221
"1323",133,"38177",29.6573707139141
"1324",133,"38176",37.2342079378443
"1325",133,"43337",19.23936
"1326",133,"11296",22.5648877145976
"1327",133,"88296",18.0974799472159
"1328",133,"10807",23.7377361904336
"1329",133,"26827",9.83027592660479
"1330",133,"11297",10.8977911414096
"1331",134,"11788",63.22024
"1332",134,"38178",56.1060785206588
"1333",134,"38177",14.5180373952252
"1334",134,"38176",29.8974424038332
"1335",134,"43337",13.90032
"1336",134,"11296",17.6337496650789
"1337",134,"88296",15.3037244876837
"1338",134,"10807",21.2698342606051
"1339",134,"26827",8.3543153447469
"1340",134,"11297",8.77139286991506
"1341",135,"11788",97.98405
"1342",135,"38178",101.648330540306
"1343",135,"38177",48.1821328400486
"1344",135,"38176",40.3595816013613
"1345",135,"43337",26.68344
"1346",135,"11296",18.3990622903642
"1347",135,"88296",20.1067819033326
"1348",135,"10807",26.3242872515038
"1349",135,"26827",14.2203125290539
"1350",135,"11297",21.7481180356877
"1351",136,"11788",30.67395
"1352",136,"38178",37.761879803525
"1353",136,"38177",36.199997173247
"1354",136,"38176",40.1433607818727
"1355",136,"43337",26.68932
"1356",136,"11296",18.1386982013496
"1357",136,"88296",16.8451068101842
"1358",136,"10807",19.8618645698696
"1359",136,"26827",22.517860159114
"1360",136,"11297",16.061901229325
"1361",137,"11788",33.91132
"1362",137,"38178",48.8861970991043
"1363",137,"38177",64.2534100439332
"1364",137,"38176",50.4433343647844
"1365",137,"43337",21.59724
"1366",137,"11296",12.9787553463332
"1367",137,"88296",23.5198427602981
"1368",137,"10807",0.0237298262483508
"1369",137,"26827",15.4692022521644
"1370",137,"11297",22.8967528162718
"1371",138,"11788",44.04706
"1372",138,"38178",68.1328809939324
"1373",138,"38177",39.6107849979768
"1374",138,"38176",56.0208486856836
"1375",138,"43337",31.05228
"1376",138,"11296",20.3399582266548
"1377",138,"88296",31.7634857172428
"1378",138,"10807",21.1749149556117
"1379",138,"26827",18.269742843382
"1380",138,"11297",25.1465581303084
"1381",139,"11788",46.65683
"1382",139,"38178",104.089790442069
"1383",139,"38177",42.0198916399792
"1384",139,"38176",69.2987726460973
"1385",139,"43337",33.1338
"1386",139,"11296",21.3104061948
"1387",139,"88296",36.9656510556821
"1388",139,"10807",33.5618842572508
"1389",139,"26827",19.8497775688324
"1390",139,"11297",23.3998738358665
"1391",140,"11788",96.12217
"1392",140,"38178",68.3893767812771
"1393",140,"38177",39.8960739424244
"1394",140,"38176",49.607935744033
"1395",140,"43337",28.97664
"1396",140,"11296",27.1330940036717
"1397",140,"88296",36.5390184485614
"1398",140,"10807",32.8183497014692
"1399",140,"26827",27.1633514776539
"1400",140,"11297",26.7033854362241
"1401",141,"11788",50.71531
"1402",141,"38178",46.5017362611962
"1403",141,"38177",33.4612233065495
"1404",141,"38176",40.7871091308047
"1405",141,"43337",26.07192
"1406",141,"11296",24.1823009948397
"1407",141,"88296",30.1808163682467
"1408",141,"10807",26.648594876898
"1409",141,"26827",17.0208531202714
"1410",141,"11297",16.1378440247355
"1411",142,"11788",61.36359
"1412",142,"38178",40.8493290956371
"1413",142,"38177",40.2574399387248
"1414",142,"38176",27.0767435314137
"1415",142,"43337",30.21144
"1416",142,"11296",25.2000878882604
"1417",142,"88296",27.2494374870627
"1418",142,"10807",37.8253430398712
"1419",142,"26827",13.6337128106232
"1420",142,"11297",22.4600817426613
"1421",143,"11788",86.00212
"1422",143,"38178",45.4757531118174
"1423",143,"38177",44.5431138597607
"1424",143,"38176",28.2708721481349
"1425",143,"43337",14.85876
"1426",143,"11296",25.2474268135358
"1427",143,"88296",27.7448818050093
"1428",143,"10807",27.4712288535075
"1429",143,"26827",16.9640854055846
"1430",143,"11297",16.6599507431828
"1431",144,"11788",69.91464
"1432",144,"38178",76.6922404160647
"1433",144,"38177",52.1191202734262
"1434",144,"38176",48.8216782186199
"1435",144,"43337",30.62304
"1436",144,"11296",23.9140470849459
"1437",144,"88296",33.3874420927344
"1438",144,"10807",1.31305038574208
"1439",144,"26827",26.0185358981359
"1440",144,"11297",20.884268737893
"1441",145,"11788",31.14988
"1442",145,"38178",159.027388153713
"1443",145,"38177",60.5446537661137
"1444",145,"38176",22.9439774134611
"1445",145,"43337",34.27452
"1446",145,"11296",7.10872861218617
"1447",145,"88296",38.9749530117988
"1448",145,"10807",0
"1449",145,"26827",18.1467461282271
"1450",145,"11297",23.7795878129191
"1451",146,"11788",31.4323
"1452",146,"38178",61.2834934874314
"1453",146,"38177",53.6089625388751
"1454",146,"38176",24.0594802776409
"1455",146,"43337",29.82924
"1456",146,"11296",23.8588183387913
"1457",146,"88296",32.4653651676671
"1458",146,"10807",42.5238486370447
"1459",146,"26827",19.9916968555495
"1460",146,"11297",24.168794639398
"1461",147,"11788",38.87459
"1462",147,"38178",109.428702756429
"1463",147,"38177",45.4750577449564
"1464",147,"38176",24.000510963235
"1465",147,"43337",30.96996
"1466",147,"11296",28.000974300387
"1467",147,"88296",34.9150620730698
"1468",147,"10807",0.0949193049934033
"1469",147,"26827",24.4668850300289
"1470",147,"11297",23.0866098047981
"1471",148,"11788",42.34731
"1472",148,"38178",142.725655891361
"1473",148,"38177",58.0531303179375
"1474",148,"38176",29.494485422059
"1475",148,"43337",27.00096
"1476",148,"11296",23.7010219212067
"1477",148,"88296",31.3781401366177
"1478",148,"10807",0
"1479",148,"26827",20.5688352881991
"1480",148,"11297",22.8397957197139
"1481",149,"11788",28.25246
"1482",149,"38178",31.3589849638833
"1483",149,"38177",30.0694547447829
"1484",149,"38176",44.9837586726971
"1485",149,"43337",20.99748
"1486",149,"11296",34.210263332341
"1487",149,"88296",28.3366625181122
"1488",149,"10807",35.824127692927
"1489",149,"26827",6.28229375867717
"1490",149,"11297",17.115607515646
"1491",150,"11788",113.53284
"1492",150,"38178",48.2782070846576
"1493",150,"38177",54.2936560055495
"1494",150,"38176",48.5415739751914
"1495",150,"43337",26.82456
"1496",150,"11296",34.3207208246502
"1497",150,"88296",17.7809460774167
"1498",150,"10807",84.8894984324336
"1499",150,"26827",23.8897465973793
"1500",150,"11297",23.5802379749665
"1501",151,"11788",72.96373
"1502",151,"38178",48.8671974111528
"1503",151,"38177",139.854980322562
"1504",151,"38176",35.5830671344767
"1505",151,"43337",32.46348
"1506",151,"11296",5.36507819787635
"1507",151,"88296",26.6989438004554
"1508",151,"10807",6.8500098436906
"1509",151,"26827",19.1117972779034
"1510",151,"11297",23.4378452335717
"1511",152,"11788",95.68285
"1512",152,"38178",136.778753562554
"1513",152,"38177",162.101178235158
"1514",152,"38176",40.8804772119475
"1515",152,"43337",26.49528
"1516",152,"11296",0.0473389252753796
"1517",152,"88296",42.6632607120679
"1518",152,"10807",0.0474596524967016
"1519",152,"26827",27.2106579065596
"1520",152,"11297",34.1932436335866
"1521",153,"11788",56.29572
"1522",153,"38178",51.6981509159203
"1523",153,"38177",53.2349170339326
"1524",153,"38176",65.7262150150016
"1525",153,"43337",27.5184
"1526",153,"11296",58.3215559392676
"1527",153,"88296",0.0550493686607328
"1528",153,"10807",0
"1529",153,"26827",23.1517663064504
"1530",153,"11297",24.3966230256296
"1531",154,"11788",67.99523
"1532",154,"38178",151.028519526149
"1533",154,"38177",115.985805303775
"1534",154,"38176",51.4114139429493
"1535",154,"43337",32.51052
"1536",154,"11296",0
"1537",154,"88296",0.0137623421651832
"1538",154,"10807",0
"1539",154,"26827",18.477891130567
"1540",154,"11297",0.11391419311578
"1541",155,"11788",61.03933
"1542",155,"38178",32.7649618722912
"1543",155,"38177",32.8399273830857
"1544",155,"38176",34.4626501607631
"1545",155,"43337",29.43528
"1546",155,"11296",47.5756199017565
"1547",155,"88296",37.4473330314635
"1548",155,"10807",0
"1549",155,"26827",27.2863481928087
"1550",155,"11297",32.5130092851289
"1551",156,"11788",90.12336
"1552",156,"38178",34.949925986709
"1553",156,"38177",33.5943581472918
"1554",156,"38176",31.4797856737271
"1555",156,"43337",27.7242
"1556",156,"11296",44.6721658181999
"1557",156,"88296",78.7481218691782
"1558",156,"10807",0
"1559",156,"26827",20.1146935707043
"1560",156,"11297",23.2764667933244
"1561",157,"11788",50.34921
"1562",157,"38178",42.2268064721179
"1563",157,"38177",31.9333425151743
"1564",157,"38176",44.2122434758855
"1565",157,"43337",28.77672
"1566",157,"11296",32.1667997246204
"1567",157,"88296",56.7558990892155
"1568",157,"10807",27.4000393747624
"1569",157,"26827",18.0994396993214
"1570",157,"11297",19.8400553009984
"1571",158,"11788",36.13407
"1572",158,"38178",33.1544554752962
"1573",158,"38177",40.3778952708249
"1574",158,"38176",25.8973572432941
"1575",158,"43337",21.67956
"1576",158,"11296",51.402183028183
"1577",158,"88296",48.7462159490789
"1578",158,"10807",67.6458246919654
"1579",158,"26827",21.6568831530302
"1580",158,"11297",27.9089773133661
"1581",159,"11788",47.52501
"1582",159,"38178",55.5265880381393
"1583",159,"38177",27.4130976842592
"1584",159,"38176",23.6221245291299
"1585",159,"43337",30.00564
"1586",159,"11296",33.9972381686018
"1587",159,"88296",29.602797997309
"1588",159,"10807",50.6236293298151
"1589",159,"26827",21.5622702952188
"1590",159,"11297",21.4728254023245
"1591",160,"11788",41.90276
"1592",160,"38178",209.604557480497
"1593",160,"38177",24.8201381669461
"1594",160,"38176",27.8630010568268
"1595",160,"43337",23.81988
"1596",160,"11296",0.702194058251464
"1597",160,"88296",21.111432881391
"1598",160,"10807",62.6862910060601
"1599",160,"26827",15.6678892535684
"1600",160,"11297",19.5362841193563
"1601",161,"11788",35.07238
"1602",161,"38178",31.6629799711066
"1603",161,"38177",14.9618201976993
"1604",161,"38176",22.5410204316869
"1605",161,"43337",19.90968
"1606",161,"11296",28.4585839113824
"1607",161,"88296",15.3862985406748
"1608",161,"10807",45.2132289451911
"1609",161,"26827",10.9088625056548
"1610",161,"11297",11.5812763001043
"1611",162,"11788",101.36786
"1612",162,"38178",18.7431921641144
"1613",162,"38177",17.5547797150124
"1614",162,"38176",36.1481897308674
"1615",162,"43337",16.44636
"1616",162,"11296",38.7311306961397
"1617",162,"88296",20.1480689298282
"1618",162,"10807",37.8411629240368
"1619",162,"26827",12.8957325196943
"1620",162,"11297",14.2297812900462
"1621",163,"11788",177.08257
"1622",163,"38178",31.263986524126
"1623",163,"38177",20.4203486681311
"1624",163,"38176",41.2490354269849
"1625",163,"43337",19.1982
"1626",163,"11296",32.7111973652873
"1627",163,"88296",20.9187600910785
"1628",163,"10807",33.6093439097475
"1629",163,"26827",13.2647226651587
"1630",163,"11297",12.41664704962
"1631",164,"11788",71.24306
"1632",164,"38178",51.0141621496677
"1633",164,"38177",35.2236750078039
"1634",164,"38176",46.4727338614482
"1635",164,"43337",28.39452
"1636",164,"11296",104.642694321227
"1637",164,"88296",24.2079598685572
"1638",164,"10807",83.8453860775062
"1639",164,"26827",20.5499127166368
"1640",164,"11297",20.4950619114141
"1641",165,"11788",80.32234
"1642",165,"38178",57.7590513724357
"1643",165,"38177",29.3911010324296
"1644",165,"38176",35.3668463149881
"1645",165,"43337",29.27064
"1646",165,"11296",143.728866956932
"1647",165,"88296",25.5016200320845
"1648",165,"10807",124.423388962186
"1649",165,"26827",23.7951337395679
"1650",165,"11297",20.2482478263299
"1651",166,"11788",47.1746
"1652",166,"38178",46.2452404738515
"1653",166,"38177",30.3167051633042
"1654",166,"38176",29.4846572029914
"1655",166,"43337",26.4894
"1656",166,"11296",35.1097029125732
"1657",166,"88296",29.7404214189609
"1658",166,"10807",40.6729221896733
"1659",166,"26827",17.597991552921
"1660",166,"11297",17.3434359018775
"1661",167,"11788",24.6333
"1662",167,"38178",46.9672286160069
"1663",167,"38177",38.881713251055
"1664",167,"38176",35.7304904204917
"1665",167,"43337",15.5232
"1666",167,"11296",16.2688106529721
"1667",167,"88296",33.731500646864
"1668",167,"10807",25.2010754757486
"1669",167,"26827",20.3890708583574
"1670",167,"11297",19.1375844434511
"1671",168,"11788",29.83715
"1672",168,"38178",31.7769780988154
"1673",168,"38177",33.3154089571652
"1674",168,"38176",27.2290809269625
"1675",168,"43337",35.09772
"1676",168,"11296",14.6829566562469
"1677",168,"88296",29.7128967346305
"1678",168,"10807",21.1353652451978
"1679",168,"26827",19.3861745655565
"1680",168,"11297",25.3838793659663
"1681",169,"11788",46.64114
"1682",169,"38178",39.6713484426466
"1683",169,"38177",39.1987009671079
"1684",169,"38176",26.4182528538803
"1685",169,"43337",21.76776
"1686",169,"11296",13.3180176441401
"1687",169,"88296",27.7173571206789
"1688",169,"10807",24.3547116728907
"1689",169,"26827",29.1691440632556
"1690",169,"11297",19.0901201963195
"1691",170,"11788",61.84998
"1692",170,"38178",55.8305830453626
"1693",170,"38177",29.8475633435459
"1694",170,"38176",33.6616503067485
"1695",170,"43337",24.0492
"1696",170,"11296",16.3161495782475
"1697",170,"88296",23.8776636565928
"1698",170,"10807",25.8892404369507
"1699",170,"26827",17.1154659780828
"1700",170,"11297",20.0963622355089
"1701",171,"11788",54.72149
"1702",171,"38178",101.800328043918
"1703",171,"38177",26.9122570928956
"1704",171,"38176",20.7768551090412
"1705",171,"43337",38.40816
"1706",171,"11296",15.1405662672422
"1707",171,"88296",23.217071232664
"1708",171,"10807",24.9004976766028
"1709",171,"26827",15.0623669635754
"1710",171,"11297",20.4855690619878
"1711",172,"11788",63.4922
"1712",172,"38178",76.6637408841375
"1713",172,"38177",24.3509963471877
"1714",172,"38176",18.2657451372531
"1715",172,"43337",24.64308
"1716",172,"11296",13.5704919122755
"1717",172,"88296",28.2816131494515
"1718",172,"10807",23.2394098392182
"1719",172,"26827",20.9283641478824
"1720",172,"11297",15.520808812025
"1721",173,"11788",101.50907
"1722",173,"38178",50.6246685466628
"1723",173,"38177",32.9603827151859
"1724",173,"38176",22.1626339975818
"1725",173,"43337",32.46348
"1726",173,"11296",17.0025639947405
"1727",173,"88296",27.5934960411923
"1728",173,"10807",36.6467616695364
"1729",173,"26827",19.0550295632166
"1730",173,"11297",21.2924612632246
"1731",174,"11788",104.11884
"1732",174,"38178",83.4751290147356
"1733",174,"38177",32.4024843349327
"1734",174,"38176",25.460001494783
"1735",174,"43337",30.07032
"1736",174,"11296",16.7500897266051
"1737",174,"88296",29.2725017853446
"1738",174,"10807",26.3638369619178
"1739",174,"26827",17.465533551985
"1740",174,"11297",21.244997016093
"1741",175,"11788",35.86734
"1742",175,"38178",21.849641144178
"1743",175,"38177",37.6264418954853
"1744",175,"38176",49.460512458018
"1745",175,"43337",30.64656
"1746",175,"11296",22.1861763123946
"1747",175,"88296",33.731500646864
"1748",175,"10807",29.6227331000246
"1749",175,"26827",29.6232857807503
"1750",175,"11297",26.9976637684399
"1751",176,"11788",31.34862
"1752",176,"38178",26.1530704651835
"1753",176,"38177",50.7687526030407
"1754",176,"38176",51.4654691478214
"1755",176,"43337",35.97384
"1756",176,"11296",12.9077469584202
"1757",176,"88296",36.8280276340302
"1758",176,"10807",18.8810317516045
"1759",176,"26827",23.5018338803525
"1760",176,"11297",24.9377154429295
"1761",177,"11788",35.06715
"1762",177,"38178",28.7180283386305
"1763",177,"38177",38.8880530053761
"1764",177,"38176",40.7428821450002
"1765",177,"43337",32.42232
"1766",177,"11296",12.4816966309417
"1767",177,"88296",43.268803767336
"1768",177,"10807",25.8338708423713
"1769",177,"26827",27.3525771932767
"1770",177,"11297",23.5897308243928
"1771",178,"11788",30.17187
"1772",178,"38178",29.402017104883
"1773",178,"38177",46.5845147511417
"1774",178,"38176",34.3987667368232
"1775",178,"43337",29.27064
"1776",178,"11296",15.8822094298898
"1777",178,"88296",39.2639621972676
"1778",178,"10807",27.3921294326796
"1779",178,"26827",20.4458385730442
"1780",178,"11297",23.4283523841454
"1781",179,"11788",36.54724
"1782",179,"38178",37.5813827679861
"1783",179,"38177",55.6947417105035
"1784",179,"38176",31.774632245757
"1785",179,"43337",31.55208
"1786",179,"11296",16.7737591892428
"1787",179,"88296",41.1631654160629
"1788",179,"10807",6.3675033766408
"1789",179,"26827",24.0600497414398
"1790",179,"11297",24.7383656049769
"1791",180,"11788",34.9887
"1792",180,"38178",53.3891231436001
"1793",180,"38177",47.8271065980693
"1794",180,"38176",27.2192527078949
"1795",180,"43337",35.75628
"1796",180,"11296",13.4837038826039
"1797",180,"88296",29.7679461032912
"1798",180,"10807",20.249451731926
"1799",180,"26827",26.2361454711021
"1800",180,"11297",28.1652842478766
"1801",181,"11788",38.43004
"1802",181,"38178",44.5352685582202
"1803",181,"38177",121.216102618649
"1804",181,"38176",31.101399239622
"1805",181,"43337",31.1052
"1806",181,"11296",13.7914068968939
"1807",181,"88296",0.536731344442145
"1808",181,"10807",27.1152814597822
"1809",181,"26827",22.2150990141175
"1810",181,"11297",24.7953227015348
"1811",182,"11788",39.9572
"1812",182,"38178",45.1432585726669
"1813",182,"38177",47.4594008474479
"1814",182,"38176",32.0940493654561
"1815",182,"43337",33.15144
"1816",182,"11296",58.6134793117992
"1817",182,"88296",51.2922492496378
"1818",182,"10807",31.7346876361278
"1819",182,"26827",29.0461473481008
"1820",182,"11297",24.1498089405454
"1821",183,"11788",45.47485
"1822",183,"38178",61.6729870904363
"1823",183,"38177",43.2244449609804
"1824",183,"38176",26.7720687403162
"1825",183,"43337",34.76844
"1826",183,"11296",33.4055016026595
"1827",183,"88296",54.0034306561788
"1828",183,"10807",25.7626813636262
"1829",183,"26827",22.6881633031745
"1830",183,"11297",25.1560509797348
"1831",184,"11788",178.58881
"1832",184,"38178",138.146731095059
"1833",184,"38177",49.944584541303
"1834",184,"38176",27.9219703712328
"1835",184,"43337",30.27024
"1836",184,"11296",14.1622284782177
"1837",184,"88296",79.8903962688884
"1838",184,"10807",30.8329542386905
"1839",184,"26827",22.8773890187973
"1840",184,"11297",28.3551412364029
"1841",185,"11788",70.99725
"1842",185,"38178",95.2549355446403
"1843",185,"38177",39.8199968905717
"1844",185,"38176",33.7550183878913
"1845",185,"43337",29.18832
"1846",185,"11296",11.1404270814727
"1847",185,"88296",46.7782010194577
"1848",185,"10807",22.2585770209531
"1849",185,"26827",28.5257766301381
"1850",185,"11297",24.6529299601401
"1851",186,"11788",76.99083
"1852",186,"38178",71.7428217047096
"1853",186,"38177",43.6175097288861
"1854",186,"38176",42.123746924007
"1855",186,"43337",19.35108
"1856",186,"11296",14.8486428947107
"1857",186,"88296",48.4434444214448
"1858",186,"10807",25.8655106107024
"1859",186,"26827",20.6445255744482
"1860",186,"11297",28.5544910743555
"1861",187,"11788",36.83489
"1862",187,"38178",62.7464694596937
"1863",187,"38177",53.4441289265276
"1864",187,"38176",33.4650859253952
"1865",187,"43337",0
"1866",187,"11296",12.181883437531
"1867",187,"88296",36.2912962895881
"1868",187,"10807",24.5682801091259
"1869",187,"26827",17.6263754102644
"1870",187,"11297",20.4001334171509
"1871",188,"11788",64.54866
"1872",188,"38178",67.2113961282866
"1873",188,"38177",65.1346358945604
"1874",188,"38176",47.0820834436434
"1875",188,"43337",34.7508
"1876",188,"11296",15.3693710727399
"1877",188,"88296",42.222865762782
"1878",188,"10807",36.8919698741027
"1879",188,"26827",37.3153111208174
"1880",188,"11297",32.0003954161079
"1881",189,"11788",37.40496
"1882",189,"38178",67.163896908408
"1883",189,"38177",51.0096632672409
"1884",189,"38176",47.3130465917335
"1885",189,"43337",36.1914
"1886",189,"11296",15.1405662672422
"1887",189,"88296",83.0970219933761
"1888",189,"10807",28.4441517296898
"1889",189,"26827",23.2085340211372
"1890",189,"11297",27.0830994132767
"1891",190,"11788",38.35682
"1892",190,"38178",101.002341149957
"1893",190,"38177",53.5645842586277
"1894",190,"38176",62.2568536841162
"1895",190,"43337",25.43688
"1896",190,"11296",16.024226205716
"1897",190,"88296",26.3961722728214
"1898",190,"10807",25.9920696840269
"1899",190,"26827",27.3620384790578
"1900",190,"11297",28.0513700547608
"1901",191,"11788",38.4405
"1902",191,"38178",99.2163704825195
"1903",191,"38177",56.2906786166831
"1904",191,"38176",63.3133872338901
"1905",191,"43337",26.9892
"1906",191,"11296",16.6711915178128
"1907",191,"88296",72.4587314996895
"1908",191,"10807",25.0903362865896
"1909",191,"26827",26.8889741900008
"1910",191,"11297",29.2284833836239
"1911",192,"11788",56.80303
"1912",192,"38178",63.6299549494366
"1913",192,"38177",141.832983670732
"1914",192,"38176",46.5808442711925
"1915",192,"43337",44.02944
"1916",192,"11296",14.9669902078992
"1917",192,"88296",14.6844190902505
"1918",192,"10807",26.3796568460833
"1919",192,"26827",22.7733148752048
"1920",192,"11297",24.0358947474296
"1921",193,"11788",104.42218
"1922",193,"38178",35.8429113204276
"1923",193,"38177",76.0136543094977
"1924",193,"38176",31.4552151260579
"1925",193,"43337",30.12324
"1926",193,"11296",11.4560199166419
"1927",193,"88296",28.5706223349203
"1928",193,"10807",10.7575212325857
"1929",193,"26827",13.9459352414008
"1930",193,"11297",23.7795878129191
"1931",194,"11788",45.8671
"1932",194,"38178",41.5333178618896
"1933",194,"38177",46.3943221215099
"1934",194,"38176",29.9367552801039
"1935",194,"43337",35.83272
"1936",194,"11296",16.0873447727498
"1937",194,"88296",77.5370357586421
"1938",194,"10807",42.5792182316241
"1939",194,"26827",0
"1940",194,"11297",23.8270520600507
"1941",195,"11788",63.06334
"1942",195,"38178",44.3072723028027
"1943",195,"38177",49.7670714203133
"1944",195,"38176",41.1458391267744
"1945",195,"43337",37.96128
"1946",195,"11296",17.3891652178228
"1947",195,"88296",32.6167509314842
"1948",195,"10807",44.4143247948299
"1949",195,"26827",22.8111600183293
"1950",195,"11297",29.6936330055133
"1951",196,"11788",59.95672
"1952",196,"38178",55.4980885062121
"1953",196,"38177",49.3359681264813
"1954",196,"38176",39.1015695607004
"1955",196,"43337",23.55528
"1956",196,"11296",14.8328632529523
"1957",196,"88296",0
"1958",196,"10807",27.4395890851763
"1959",196,"26827",32.9820422330552
"1960",196,"11297",21.4918111011772
"1961",197,"11788",37.89658
"1962",197,"38178",153.260982860445
"1963",197,"38177",59.6824471784496
"1964",197,"38176",24.000510963235
"1965",197,"43337",29.2236
"1966",197,"11296",23.401208727796
"1967",197,"88296",25.9282526392051
"1968",197,"10807",37.1609079049174
"1969",197,"26827",0.406835288589034
"1970",197,"11297",28.6114481709134
"1971",198,"11788",34.35587
"1972",198,"38178",89.9445227622074
"1973",198,"38177",54.1605211648072
"1974",198,"38176",26.7229276449778
"1975",198,"43337",30.12324
"1976",198,"11296",16.8605472189144
"1977",198,"88296",50.1774995342579
"1978",198,"10807",41.416456745455
"1979",198,"26827",33.3415710927385
"1980",198,"11297",23.0676241059455
"1981",199,"11788",30.71579
"1982",199,"38178",155.873439953771
"1983",199,"38177",67.7402749205157
"1984",199,"38176",27.2585655841655
"1985",199,"43337",27.98292
"1986",199,"11296",14.6908464771261
"1987",199,"88296",44.4798898778721
"1988",199,"10807",40.7282917842528
"1989",199,"26827",27.8540253396771
"1990",199,"11297",23.4378452335717
"1991",200,"11788",32.65089
"1992",200,"38178",244.601982687085
"1993",200,"38177",56.8041987166889
"1994",200,"38176",29.7549332273521
"1995",200,"43337",36.1032
"1996",200,"11296",20.5293139277563
"1997",200,"88296",38.7547555371559
"1998",200,"10807",37.3032868624075
"1999",200,"26827",23.804595025349
"2000",200,"11297",23.5042951795559
"2001",201,"11788",66.76618
"2002",201,"38178",65.0454317018203
"2003",201,"38177",39.2811177732817
"2004",201,"38176",34.2906563270789
"2005",201,"43337",26.8128
"2006",201,"11296",16.4739459958321
"2007",201,"88296",29.5202239443179
"2008",201,"10807",31.8137870569557
"2009",201,"26827",30.815407789174
"2010",201,"11297",21.3399255103561
"2011",202,"11788",61.54664
"2012",202,"38178",44.8012641895406
"2013",202,"38177",56.5759675611307
"2014",202,"38176",50.1386595736868
"2015",202,"43337",39.33132
"2016",202,"11296",23.6457931750521
"2017",202,"88296",39.7594065152142
"2018",202,"10807",56.7380145598068
"2019",202,"26827",25.8198488967319
"2020",202,"11297",33.9559223979288
"2021",203,"11788",70.04539
"2022",203,"38178",37.7238804276221
"2023",203,"38177",38.4125714312966
"2024",203,"38176",31.5928101930052
"2025",203,"43337",27.62424
"2026",203,"11296",16.5765136672621
"2027",203,"88296",25.6530057959015
"2028",203,"10807",33.1663871531116
"2029",203,"26827",19.4524035660245
"2030",203,"11297",24.6244514118611
"2031",204,"11788",67.14797
"2032",204,"38178",31.3114857440046
"2033",204,"38177",37.7342177189433
"2034",204,"38176",36.4577786314988
"2035",204,"43337",26.00136
"2036",204,"11296",19.353730616751
"2037",204,"88296",38.2455488770441
"2038",204,"10807",32.0510853194392
"2039",204,"26827",29.8598179252788
"2040",204,"11297",24.6434371107138
"2041",205,"11788",65.20764
"2042",205,"38178",30.8839927650968
"2043",205,"38177",102.469449091277
"2044",205,"38176",46.1533167417491
"2045",205,"43337",34.3098
"2046",205,"11296",23.1329548179022
"2047",205,"88296",19.5838129010557
"2048",205,"10807",35.017313600483
"2049",205,"26827",38.6020459870525
"2050",205,"11297",21.3399255103561
"2051",206,"11788",94.65254
"2052",206,"38178",65.7769196879515
"2053",206,"38177",52.9052498092376
"2054",206,"38176",73.13669219202
"2055",206,"43337",32.45172
"2056",206,"11296",79.6793010593431
"2057",206,"88296",34.4884294659491
"2058",206,"10807",70.2244658109528
"2059",206,"26827",32.9158132325872
"2060",206,"11297",24.4251015739085
"2061",207,"11788",69.8728
"2062",207,"38178",122.652485570644
"2063",207,"38177",45.1010122400139
"2064",207,"38176",50.8561195656263
"2065",207,"43337",25.32516
"2066",207,"11296",32.2141386498958
"2067",207,"88296",36.3188209739184
"2068",207,"10807",30.2871682349784
"2069",207,"26827",0.255454716090789
"2070",207,"11297",21.0171686298614
"2071",208,"11788",62.39913
"2072",208,"38178",31.0834894885871
"2073",208,"38177",37.1446205670848
"2074",208,"38176",47.5243533016882
"2075",208,"43337",30.1056
"2076",208,"11296",28.1272114344547
"2077",208,"88296",33.2222939867522
"2078",208,"10807",30.3820875399718
"2079",208,"26827",0.189225715622806
"2080",208,"11297",23.2669739438981
"2081",209,"11788",51.96005
"2082",209,"38178",28.0625391043051
"2083",209,"38177",24.4270733990404
"2084",209,"38176",24.9685905413998
"2085",209,"43337",19.92144
"2086",209,"11296",15.921658534286
"2087",209,"88296",27.5384466725316
"2088",209,"10807",19.3793581028198
"2089",209,"26827",0
"2090",209,"11297",18.98569885263
