"","Item.Number","Covid_index"
"1",46506,-0.688632241544863
"2",23827,0.898324975994879
"3",36873,-9.47536007681639
"4",10802,-4.76183719193428
"5",36976,0.258524485223514
"6",84207,-2.20961271737971
"7",86916,0.201675024005121
"8",82607,-0.0831270671076496
"9",68036,2.32771257868345
"10",64858,-8.56238130801238
"11",86909,0.122191400832178
"12",64870,-157.97702976635
"13",77852,-1.07644297450123
"14",64497,-0.118131868131868
"15",84166,0.56277072442121
"16",75208,0.464835164835165
"17",75230,-0.821193854689
"18",87619,1.39875173370319
"19",69656,-0.22266083431132
"20",80578,-0.143406593406593
"21",82127,0.117721113837619
"22",87409,-1.11097300757495
"23",73715,0.130518510615598
"24",86670,-2.80078416728902
"25",88290,-5.30186173050251
"26",36576,-1.50907927024432
"27",84144,0.746489917849141
"28",65307,-1.14888509548704
"29",10808,-5.57685372879548
"30",10826,0.163848287634695
"31",10789,0.175002667235677
"32",10836,-0.671076496319215
"33",10788,0.0385095487037234
"34",10803,-0.718643977381841
"35",10628,0.459196628614104
"36",10006,0.106470713752267
"37",37336,-0.706438706924144
"38",10624,0.139075002667236
"39",52582,0.364680465165902
"40",34566,-0.298170276325616
"41",10807,7.36973754400939
"42",10805,-3.97170062946762
"43",10548,0.639869838898965
"44",10550,-2.85976208257762
"45",89836,0.984674063800277
"46",100015,0.288200149365198
"47",10627,0.717603755467833
"48",40329,0.109564707137523
"49",11290,-0.35227781926811
"50",34001,-1.65382481596074
"51",10804,5.61807852341833
"52",78866,0.0156620078950176
"53",10792,0.295460364877841
"54",10790,0.51053558092393
"55",10278,0.0127280486503787
"56",67556,-0.116382161527793
"57",10008,-1.24700736157047
"58",15658,0.278310039475088
"59",10632,-0.0987624026458978
"60",86796,-0.602032433585832
"61",100444,-1.15176571001814
"62",81204,-0.100213378854155
"63",58868,-2.35814040328603
"64",10793,0.271732636295743
"65",10834,0.492184999466553
"66",100612,-0.315021871332551
"67",37886,-0.787106582737651
"68",10809,0.370228315373947
"69",35917,-0.117961165048544
"70",19061,0.0283687186599808
"71",15982,0.055467833137736
"72",86691,-0.397711511789182
"73",43285,0.442403712792062
"74",36306,-4.92725914861837
"75",10828,-0.31930011735837
"76",66293,-1.60074149151819
"77",10791,-4.02327429851702
"78",10846,0.166696895337672
"79",88185,-0.466936946548597
"80",82786,0.387293289235037
"81",10626,-0.0212258615171237
"82",36482,0.0823215619332124
"83",43331,-2.65848714392404
"84",43338,0.489539101675024
"85",64867,5.08206550730823
"86",45248,-0.641470180305132
"87",35318,1.26917742451723
"88",43334,0.633153739464419
"89",85526,-0.432967032967033
"90",36904,-16.2287741384829
"91",64868,0.257350901525659
"92",28905,-0.0993705323802411
"93",23626,-0.841075429424944
"94",65253,-1.11071695294996
"95",43127,0.00248586365091219
"96",43244,-0.0876506988157474
"97",36308,-28.1009121946015
"98",30527,0.268153206017284
"99",36304,3.29531633415129
"100",25604,2.59353995519044
"101",82849,0.281505387816067
"102",10625,-0.190835378214019
"103",11771,-1.28884028592766
"104",36970,1.22018563960312
"105",41019,-0.0930385148831751
"106",36968,-2.24391336818521
"107",38088,3.2294302784594
"108",10009,0.0375600128027313
"109",75195,-0.247924890643337
"110",56850,-0.585111490451296
"111",89387,6.72802731249333
"112",37994,9.66676090899392
"113",66936,1.654326256268
"114",87511,-0.870014936519791
"115",57174,1.27184999466553
"116",4716,0.428918169209431
"117",34014,-1.25053878160674
"118",1799,-6.24085138162808
"119",28233,0.326245599061133
"120",86669,0.242297023364985
"121",36966,-0.932817667769124
"122",43388,0.121209858103062
"123",36188,0.0790355275792169
"124",38006,0.586157046836658
"125",11294,5.00944201429638
"126",34421,-0.102816600874853
"127",34856,0.163762936093033
"128",22215,-1.74636189053665
"129",77637,-0.375386749173157
"130",34244,0.0838472207404246
"131",38178,15.3354155553185
"132",89196,2.59644190760696
"133",43126,3.81383228422063
"134",53206,-0.0966926277605889
"135",69945,-0.300128027312493
"136",26827,2.16055691880935
"137",32234,0.30969806892137
"138",42717,-0.0644030726554998
"139",15626,-3.32961165048544
"140",31657,0.277429851701696
"141",35918,-9.23218286567801
"142",24458,0.716627547210072
"143",36307,1.3603542088979
"144",43128,0.558977915288595
"145",73054,0.430913261495786
"146",37348,-1.66886269070735
"147",31296,-1.85684946121839
"148",42718,3.068857356236
"149",42370,0.062525338738931
"150",52590,0.699093139869839
"151",48105,-8.67811266403499
"152",66810,0.0129414275045343
"153",43027,-0.0282460258188413
"154",43336,15.709602048437
"155",11297,7.34983463138803
"156",68846,-1.34340659340659
"157",34006,-4.4710551584338
"158",34004,-0.253323375653473
"159",45886,-0.468782673637043
"160",55084,-0.420265656673424
"161",37888,-0.64548703723461
"162",25607,1.35894590846047
"163",41989,0.856235997012696
"164",73526,0.738594900245386
"165",34423,2.26585938333511
"166",86251,4.96158647178065
"167",84143,-0.833324442547744
"168",37047,-2.11637149258508
"169",88767,-0.316574202496533
"170",45278,0.504646324549237
"171",23824,-2.56072228742132
"172",59161,-1.88547423450336
"173",81206,0.0648031580070412
"174",72913,-0.520703083324442
"175",44476,-0.420585724954657
"176",65256,1.27872079376934
"177",73053,1.34320388349515
"178",19063,0.355211778512749
"179",42167,-0.00605995945801771
"180",77229,-0.155153099327857
"181",32231,-2.45330203776806
"182",43024,3.07502933959245
"183",42242,0.494510828976848
"184",77699,0.796441907606956
"185",31473,-0.246751306945482
"186",34821,-12.5136029019524
"187",23828,-0.844324122479462
"188",29287,2.43124933319108
"189",34117,-0.206966819588179
"190",19068,-2.0370425690814
"191",64571,0.358663181478715
"192",11777,-2.53743731996159
"193",87408,1.02101248266297
"194",32238,-0.923887762722714
"195",86884,1.60380347807532
"196",29994,-0.754923717059639
"197",87586,0.25547316760909
"198",43316,1.51176250933532
"199",17916,0.686423770404353
"200",5753,-0.108961911874533
"201",12888,0.878064653792809
"202",38008,0.440445961805185
"203",19476,4.47693908033714
"204",86506,-0.196484583377787
"205",11299,1.70576656353355
"206",20248,-0.315870052277819
"207",67273,-0.138360183505815
"208",11936,-0.126976421636616
"209",27410,-1.01655286461112
"210",76227,0.348426330950603
"211",100672,-0.741096767310359
"212",77740,-1.4930705217113
"213",67526,-2.9169476154913
"214",64864,9.14387069241438
"215",100527,-0.11641950282727
"216",82867,0.981281340019204
"217",15667,-0.151264269710872
"218",46350,-0.813773605035741
"219",11296,-9.47479995732423
"220",89193,-9.38661581137309
"221",11788,-21.5125626800384
"222",86881,0.0181211991891603
"223",89787,0.501616344820228
"224",43986,-0.11725701482983
"225",37991,1.0148084924784
"226",34456,-1.89668729328924
"227",69637,8.34198762402646
"228",35914,-4.95185639603115
"229",41692,0.0723887762722714
"230",24158,-1.36182118852022
"231",30316,-0.18310039475088
"232",43022,-0.697012696041822
"233",11347,0.209996799317188
"234",87997,-0.0611223727728582
"235",64716,0.613064120345674
"236",86888,0.437810732956364
"237",65199,0.441155446495252
"238",67006,0.490024538568228
"239",40593,-0.491731569401472
"240",77858,0.348138269497493
"241",84456,9.60204843699908e-05
"242",15246,0.137101248266297
"243",30318,-0.11005547850208
"244",80458,1.10909527365838
"245",52593,-0.873637042569081
"246",59154,0.35698282300224
"247",75183,-1.65768697322095
"248",5326,0.661799850634802
"249",53214,0.256977488530887
"250",86692,-2.3879334257975
"251",36305,-0.0846633948575695
"252",82604,0.298495679078203
"253",53213,-14.7339859169956
"254",26586,0.243833351114905
"255",37988,-0.0144617518403926
"256",88296,13.9253760802304
"257",88291,-1.69637789395071
"258",27781,-2.41223727728582
"259",44557,0.0449802624559906
"260",19067,0.408535154166222
"261",15248,1.03597567481063
"262",36871,0.236813186813187
"263",36903,-21.8603061986557
"264",49185,1.02444788221487
"265",69636,2.34936519790889
"266",73055,3.67056438706924
"267",18196,-0.809628720793769
"268",27125,1.4518510615598
"269",38177,6.58432198869092
"270",28868,1.24766883601835
"271",72505,-0.386050357409581
"272",65896,0.0742558412461325
"273",80486,0.169214765816708
"274",34820,-1.13694654859703
"275",36301,-1.42422916888936
"276",36908,0.93674917315694
"277",43026,-2.70121092499733
"278",25608,-1.48257228208685
"279",43648,-0.505526512322629
"280",45275,-0.998458337778726
"281",48106,-13.0372399445215
"282",28081,-0.317678438066788
"283",79026,0.0525285394217433
"284",19064,2.3366264803158
"285",89197,-0.192942494398805
"286",79336,0.0625626800384081
"287",43134,0.024666595540382
"288",58842,-0.307740317934493
"289",80580,-0.255270457697642
"290",26821,0.654672996906006
"291",24453,0.243406593406593
"292",100572,0.0589139016323482
"293",4868,0.0132881681425371
"294",40193,-0.729403606102635
"295",10890,0.122639496425904
"296",89191,1.12264483089726
"297",34578,5.55136029019524
"298",38581,-9.76326683025712
"299",38176,-8.28979515630001
"300",36969,0.637554678331377
"301",43038,-0.388392190333938
"302",36965,-0.305521177851275
"303",41698,-0.345769764216366
"304",43028,-1.91026885735624
"305",44426,-0.00774565240584657
"306",65536,0.037810732956364
"307",34155,0.0306678758135069
"308",42716,3.30625200042676
"309",73052,0.0518350581457377
"310",72916,-2.08760268857356
"311",904696,0.059980795903126
"312",100526,-0.0843059852768591
"313",11776,-10.7037928091326
"314",43607,0.188162808065721
"315",51326,-0.132983036381095
"316",86507,0.892921156513389
"317",55066,0.882732316227462
"318",34003,-0.838061453109997
"319",36874,-22.095236317081
"320",11774,2.22326362957431
"321",41681,-0.102011095700416
"322",36302,-4.26060492905153
"323",89234,-0.0717059639389737
"324",89154,1.41731035954337
"325",41077,-1.37678971513923
"326",15560,-0.0736957217539742
"327",45276,0.439224367865145
"328",29422,-0.970596393897365
"329",75198,-2.08351114904513
"330",52596,0.214296383228422
"331",18006,-0.125045343006508
"332",35916,-4.10261389096341
"333",26585,-0.750410754294249
"334",52146,-0.407164195028273
"335",22156,1.82204737010562
"336",37997,0.325493438600235
"337",45887,0.0888402859276646
"338",35315,-1.1441000746826
"339",5036,-2.01175717486397
"340",86883,-1.21999893310573
"341",43124,1.3437533340446
"342",67267,0.0327909954123546
"343",39866,-0.0455937266616878
"344",46351,1.33818414595114
"345",35317,-1.01912407980369
"346",37938,-3.20238450869519
"347",42566,-0.161090365944735
"348",44486,-0.133660514243039
"349",54446,-0.616019417475728
"350",27629,-1.68393257228209
"351",15627,1.72616558199082
"352",15247,0.170788434866105
"353",89786,-0.466152779259575
"354",44258,-0.87899818627974
"355",43121,-0.383841886269071
"356",64866,-6.89440413954977
"357",87643,1.60835911661154
"358",43037,0.0553184679398272
"359",15890,-0.16101568334578
"360",4798,-0.010508908567161
"361",44499,-0.969646857996373
"362",27066,-0.364189693801344
"363",43025,-0.50736690493972
"364",22788,0.524399871972687
"365",27544,-1.52122052704577
"366",38174,10.6113250826843
"367",45277,1.59531633415129
"368",37417,0.303872826202923
"369",55506,-0.0688253494078738
"370",20286,0.0235410220847114
"371",89194,-4.58738397524805
"372",28866,-0.480481169316121
"373",34579,-1.20800704150219
"374",86887,0.929275578790142
"375",28795,-0.193507948362317
"376",73051,-0.0466232796329884
"377",35314,-1.56688360183506
"378",27433,-1.0504854368932
"379",84172,1.78534620719087
"380",31475,0.37484263309506
"381",81124,-1.65022938226822
"382",23826,-1.59358796543263
"383",36886,-4.06111170383015
"384",36723,0.00628400725488104
"385",43036,-0.122143390589993
"386",19019,-0.0226608343113198
"387",30317,-0.31620078950176
"388",33717,0.0559746079163555
"389",87403,1.35577189800491
"390",17956,0.102427184466019
"391",43040,-0.0880241118105196
"392",43136,0.575354742345034
"393",19486,0.658487143924037
"394",43621,-0.19932785660941
"395",87152,-0.235218179878374
"396",24157,0.70556918809346
"397",915830,-0.213869625520111
"398",66636,0.2567907820335
"399",32237,-0.117865144564174
"400",34422,1.56232796329884
"401",88548,1.73047050037341
"402",72356,0.593924037127921
"403",37418,-0.696575269390803
"404",19112,0.138930971940681
"405",36978,5.12595220313667
"406",73058,0.88588498879761
"407",43125,0.104603648778406
"408",27697,-0.152752587218607
"409",29421,-0.939624453216686
"410",43352,0.243443934706071
"411",36447,0.634812760055478
"412",64914,0.0646537928091326
"413",46146,-1.58264163021445
"414",5157,0.0605035740958071
"415",89496,-0.0180251787047903
"416",15818,0.129104875706817
"417",82636,4.78625306732103
"418",34029,-1.57445855115758
"419",58860,-1.98058252427184
"420",11285,-0.242862477328497
"421",52594,1.61554998399659
"422",42712,-0.0991998292969167
"423",84171,-7.62349834631388
"424",33937,0.362610690280593
"425",19066,0.221737970767097
"426",43299,-0.116040755361144
"427",86693,-0.399071801984423
"428",27417,0.0467726448308973
"429",43337,8.97766990291262
"430",46144,-1.01689427077777
"431",11786,-0.200528112664035
"432",65251,-0.200709484690067
"433",31656,0.0995038941640883
"434",89175,1.15277392510402
"435",40052,0.998004907713646
"436",46504,-1.20383015043209
"437",4867,0.205329136882535
"438",45246,-0.130059746079164
"439",24466,-0.264237704043529
"440",66836,0.25976741704897
"441",28236,0.514872506134642
"442",18856,0.750896191187453
"443",11346,1.84506561399765
"444",23278,-0.776176250933532
"445",42666,0.0491091432839006
"446",15739,-0.187965432625627
"447",86390,1.55400618798677
"448",58877,-0.131734770084285
"449",8828,-0.180646537928091
"450",41320,-0.175392083644511
"451",30236,-0.223535687613358
"452",37356,0.589800490771365
"453",37998,-2.37447455457164
"454",17958,0.810882321561933
"455",89278,0.84769550837512
"456",5133,-0.365128560759629
"457",65204,0.0513549557238877
"458",80456,-1.60786834524699
"459",36186,0.214936519790889
"460",14192,-0.659468686653153
"461",28890,0.028214018990718
"462",27025,0.154913048116932
"463",53629,0.00927131121305877
"464",43137,1.55286994558839
"465",5347,0.471348554358263
"466",82627,1.00352075109357
"467",11366,0.0259895444361464
"468",39770,-0.0425850848180945
"469",69631,0.257505601194922
"470",40598,-0.355601194921583
"471",19477,0.980182438920303
"472",52319,0.223626373626374
"473",86886,2.10986343753334
"474",64636,-0.0103061986557133
"475",34433,3.55312066574202
"476",35926,-9.68027312493332
"477",84170,0.870585724954657
"478",29998,0.0221647284754081
"479",89199,-2.41674490557986
"480",35776,0.168297236743839
"481",15644,0.26908140403286
"482",38179,3.08109463352182
"483",34935,0.010989010989011
"484",41360,-0.24484156620079
"485",27682,-0.315091219460152
"486",78456,0.0748799743945375
"487",27783,-0.386274405206444
"488",5325,0.0362210604929052
"489",66517,-0.0851808385788968
"490",89388,0.177264483089726
"491",82605,0.501120238984317
"492",5486,0.291880934599381
"493",27605,0.00557452256481381
"494",80574,-0.829675664141684
"495",37332,0.0472367438386856
"496",89386,-0.0890803371385896
"497",35313,0.0185906326683026
"498",34359,8.42786194388136
"499",87510,2.35156300010669
"500",68037,0.110460898324976
"501",4796,-0.267635762295956
"502",43208,0.134295316334151
"503",80004,0.469358796543263
"504",5346,0.520078950176038
"505",41604,1.02984103275365
"506",48099,-0.578208684519364
"507",36901,-0.328374053131335
"508",41693,-1.27108716526192
"509",13038,-0.525578790141897
"510",5040,-0.0431185319534834
"511",34546,-0.423898431665422
"512",64336,0.0756214659127281
"513",89447,1.30235783633842
"514",73803,0.194057398911768
"515",43426,0.0240638002773925
"516",69940,0.480747892883815
"517",12404,-1.15442227675237
"518",25606,0.958060386215726
"519",81208,0.118980049077136
"520",27780,0.789373733063053
"521",44217,7.42274618585298
"522",82857,0.00440627333831217
"523",55087,-0.2836765176571
"524",15776,-0.183804544969594
"525",41704,-0.360007468259895
"526",64356,0.0400352075109357
"527",86821,-0.54407340232583
"528",18046,-1.19748212952096
"529",35948,0.726272271417902
"530",88556,0.360802304491625
"531",27920,-0.230134428678118
"532",21595,-0.179083537821402
"533",89824,0.0488104128880828
"534",80487,0.323695721753974
"535",42703,0.15720153632775
"536",37338,0.440744692201003
"537",4626,0.560258188413528
"538",8827,0.531297343433266
"539",14487,-0.143870692414382
"540",12408,2.2498613037448
"541",58838,-2.02885415555318
"542",40186,0.245252320495039
"543",11773,-2.82500800170703
"544",49086,2.23945908460472
"545",31658,0.601280273124933
"546",28865,0.751525658807212
"547",43362,0.106444041395498
"548",43371,-1.62874213165475
"549",53218,0.0128347380774565
"550",17086,0.0684626053558092
"551",64865,-4.97101781713432
"552",36974,3.00617198335645
"553",57148,3.21065827376507
"554",41694,1.56940147231409
"555",87250,-0.179275578790142
"556",86739,0.711378427397845
"557",19070,1.46370425690814
"558",47786,1.43131334684733
"559",14208,-0.304566307478929
"560",26820,1.4216686226395
"561",77683,-1.35112557345567
"562",89329,0.0608236423770404
"563",74090,0.13303104662328
"564",43386,-0.170158967246346
"565",21598,0.171311213058786
"566",75218,0.98521284540702
"567",42777,-0.0614157686973221
"568",75197,-0.136242398378321
"569",34162,-0.0541395497706177
"570",86112,1.0821721967353
"571",89164,0.568622639496426
"572",37426,-0.35381414701803
"573",84152,-0.91197588818948
"574",48108,0.04865571321882
"575",47863,1.49082470927131
"576",34972,1.03441267470394
"577",84197,-2.02094846900672
"578",57144,0.0555905259788755
"579",82847,3.57549877307159
"580",37934,-1.73523418329244
"581",72915,0.148031580070415
"582",15621,-1.11597140723354
"583",87646,-0.0372346100501441
"584",80826,0.0200202709911448
"585",87485,2.30416088765603
"586",14474,-1.45064013656247
"587",68038,-0.490814040328603
"588",43205,0.493123866424837
"589",40592,0.631638749599915
"590",33466,-0.267993171876667
"591",17127,-1.59867171663288
"592",64722,-0.163464205697215
"593",38056,-0.480614531099968
"594",14199,-0.162466659554038
"595",557,-0.0222820868451937
"596",38058,-0.0708791208791208
"597",63752,0.139597780859917
"598",5061,0.0272218073188947
"599",84457,0.771033820548384
"600",65254,1.32748319641524
"601",35213,-0.132662968099861
"602",49186,3.37437319961592
"603",19026,-0.554560973007575
"604",44658,-0.404304918382588
"605",15677,-0.123914435079484
"606",35913,-3.08967246345887
"607",39920,0.0255734556705431
"608",5318,0.358796543262563
"609",28867,1.89666595540382
"610",26824,-0.113688253494079
"611",37347,6.31420036274405
"612",32233,-3.48084391336819
"613",69611,0.248693054518297
"614",5345,0.28502080443828
"615",18048,-0.683649845300331
"616",73136,-0.11853195348341
"617",27453,-0.555798570361677
"618",77052,-0.398741064760482
"619",87937,2.4759948789075
"620",69715,0.282790995412355
"621",33256,-0.946212525338739
"622",37993,1.17399978662115
"623",83357,-0.105030406486717
"624",27464,0.149919982929692
"625",23708,0.0298570361677158
"626",19478,0.965315267257015
"627",24728,-0.0844446815320602
"628",27370,-0.146708631174651
"629",12478,-0.440846047156727
"630",28087,-0.728486077029766
"631",22155,-1.54503894164088
"632",16676,-0.0606796116504855
"633",27026,-0.172682172196735
"634",26826,3.10937266616878
"635",26823,-0.147487463992318
"636",11909,-1.05724954656993
"637",22787,-1.65077883281767
"638",15592,0.0381361357089512
"639",19475,0.535804971727302
"640",27474,-0.42256481382695
"641",11298,-0.531788114797823
"642",28043,-0.365608663181479
"643",15296,0.255195775098688
"644",19062,-3.72836338418863
"645",16416,0.312407980369145
"646",27102,2.94509762082578
"647",11586,-0.901226928411394
"648",15777,0.00219246772644831
"649",26828,-0.0849994665528646
"650",15526,0.0387122586151712
"651",28246,-0.185868985383549
"652",16850,0.0207030833244425
"653",11588,-0.754923717059639
"654",27751,0.15899925317401
"655",27408,0.266398164941854
"656",18348,0.519470820441694
"657",24457,0.540349941320815
"658",19224,0.102283153739464
"659",11940,-0.102587218606636
"660",15628,2.3491784914115
"661",22121,0.318233223087592
"662",28350,-0.154907713645578
"663",22158,0.0704790355275792
"664",25603,0.0572015363277499
"665",17830,0.089299050464099
"666",15604,0.149407873679718
"667",23823,-0.472308759201963
"668",27369,0.38377253814147
"669",12464,-0.61757174863971
"670",25878,0.143539955190441
"671",12406,-0.509153952843273
"672",22157,0.470953803478075
"673",22784,-0.571380561186386
"674",15856,0.229713005441161
"675",27782,-0.48946441907607
"676",24156,-1.98105729222234
"677",22228,0.0375546783313774
"678",27014,0.0150912194601515
"679",21480,0.118574629254241
"680",26906,0.255889256374693
"681",16518,-1.37731782780326
"682",28206,0.213373519684199
"683",27130,-0.543262562680038
"684",18096,-0.622623493011842
"685",27913,-0.0249653259361997
"686",24451,0.00608663181478715
"687",28210,0.12973967779793
"688",27680,-0.194889576442974
"689",27392,-0.603040648671717
"690",10838,0.051776378960845
"691",14501,-0.299365197908887
"692",21596,-0.245492371705964
"693",25877,0.11917742451723
"694",21597,0.622586151712365
"695",17766,-0.468275898858423
"696",27318,0.0233756534727409
"697",28238,0.668398591699563
"698",28134,0.263042782460258
"699",22175,0.043571962018564
"700",27056,-0.0106476048223621
"701",17206,11.640125893524
"702",26763,-0.551488317507735
"703",28086,0.873562359970127
"704",27390,0.0905153099327857
"705",27554,-0.569497492798464
"706",15582,-1.39015256588072
"707",15870,-0.361261069028059
"708",27037,-0.299930651872399
"709",20366,1.02424517230342
"710",28627,-0.402187133255094
"711",18352,-0.0408033713858955
"712",12466,0.839901845727088
"713",28088,0.174927984636723
"714",26656,0.0553398058252427
"715",16988,-0.129675664141684
"716",28068,0.43255094420143
"717",25601,-0.22004160887656
"718",16396,0.739965859383335
"719",19226,-1.71850528112664
"720",17092,-0.039971193854689
"721",15884,-0.0192361037021231
"722",15244,0.173674383868559
"723",16673,0.0261709164621786
"724",27189,-0.469785554251574
"725",11348,2.86947082044169
"726",26844,-0.267673103595434
"727",11910,-0.0242718446601942
"728",25616,-0.229616984956791
"729",17826,-0.161229062199936
"730",5633,0.0401579003520751
"731",11371,-0.29788754934386
"732",22151,-0.0227888616238131
"733",20247,-1.21285607596287
"734",27175,-0.748362317294356
"735",27181,0.222666168782674
"736",12407,0.202981969486824
"737",19228,0.261133041715566
"738",15940,-1.20992745118959
"739",26871,-0.169870905793236
"740",16096,0.421631281340019
"741",12409,0.0412034567374373
"742",27724,0.645940467299691
"743",26606,0.153574095807106
"744",13928,0.0870745759095274
"745",16987,-0.143246559265977
"746",15866,-0.119428144670863
"747",24456,-0.483863224154486
"748",12467,0.174543902699243
"749",11912,-0.0324175824175824
"750",27604,0.147194068067854
"751",14210,-0.0041555531846794
"752",27428,-0.504747679504961
"753",27276,0.175114691134109
"754",19009,0.768686653152673
"755",19473,0.17138589565774
"756",26806,-0.136951883068388
"757",27479,0.489949855969273
"758",26822,-0.111543796009815
"759",27632,0.0770564387069241
"760",27027,0.2875173370319
"761",15648,-0.120409687399979
"762",14490,0.000661474447882216
"763",15888,-0.0501493651979089
"764",16517,-0.166979622319428
"765",13638,-0.063533553824816
"766",19101,-0.0423076923076923
"767",27454,-0.66072762189267
"768",24706,-0.0627547210071482
"769",18408,0.144654859703403
"770",18120,-0.126144244105409
"771",19021,-0.187869412141257
"772",24454,-0.64107009495359
"773",17090,-0.0954550304064867
"774",21206,-2.41964685799637
"775",23277,-0.359746079163555
"776",27469,-0.568734663394858
"777",18198,0.145108289768484
"778",28770,0.0274298517016964
"779",20246,0.123242291688894
"780",21594,-0.297722180731889
"781",22786,0.086130374479889
"782",18407,-0.206321348554358
"783",27100,0.510204843699989
"784",35179,0.0452256481382695
"785",18604,0.152629894377467
"786",18116,0.579366264803158
"787",21236,-0.613618905366478
"788",19096,1.45028272698176
"789",27040,0.0577936626480316
"790",28625,0.708412461325083
"791",26998,-0.216600874853302
"792",22783,-1.87013762936093
"793",20318,0.0103542088978982
"794",27723,-0.402928624773285
"795",18661,-0.0879120879120879
"796",28886,0.185575589459085
"797",27245,-0.289480422490131
"798",14484,-0.379467619758882
"799",22199,0.394782887015897
"800",12476,-0.266462178598101
"801",13037,0.101568334578043
"802",16516,-0.576549663928305
"803",27372,0.0676410967673104
"804",18350,1.32091112770724
"805",19235,-0.403061986557132
"806",20536,-0.197188733596501
"807",26765,-1.02252213805612
"808",27409,0.16101568334578
"809",19481,0.726757708311106
"810",37663,-1.43985916995626
"811",15180,-0.153659447348768
"812",17088,0.335052811266404
"813",17566,-0.144942921156513
"814",13036,-0.0266403499413208
"815",19017,0.236759842099648
"816",27832,0.41869732209538
"817",24906,-0.684652725914862
"818",27237,-0.12544542835805
"819",27677,0.208129734343327
"820",16814,0.106908140403286
"821",89230,0.154363597567481
"822",12856,-1.96522991571535
"823",26787,-0.0201643017176998
"824",22217,-0.443283900565454
"825",22102,-0.0913208151072229
"826",13388,0.0215565987410648
"827",27145,0.0586738504214232
"828",15919,-0.482118852021765
"829",27523,-0.203558092393044
"830",27692,-0.175114691134109
"831",15606,-0.0926064227035101
"832",17085,-0.691656886802518
"833",19048,0.126506988157474
"834",19880,0.259255307798997
"835",21602,-0.174229168889363
"836",28039,0.365640670009602
"837",22244,0.0807212205270458
"838",19116,0.0539421743305238
"839",20372,-0.0421103168675984
"840",26589,-0.00708417795796437
"841",22214,-0.294825562786728
"842",27048,-0.0790408620505708
"843",26815,-0.448111597140723
"844",2393,-0.0670756428037982
"845",26977,0.0336711831857463
"846",12668,-0.767886482449589
"847",19227,0.205841246132508
"848",28704,-0.0890003200682812
"849",17087,-0.897828870158967
"850",20368,0.119886909207298
"851",27022,-0.041171449909314
"852",20369,0.136397098047583
"853",28131,-0.0971727301824389
"854",58872,-1.08459938120132
"855",17520,0.0368185212845407
"856",28222,-0.320532380241118
"857",27171,-0.338968313240158
"858",27476,-0.3846367225008
"859",15933,-0.0663874959991465
"860",2511,-0.424229168889363
"861",22207,-0.434727408513816
"862",28132,0.0939613784273978
"863",34197,-0.0799103808812547
"864",27560,0.103494078736797
"865",26858,-0.393177211138376
"866",26851,-0.468766670222981
"867",22178,0.111197055371813
"868",27323,-0.00513176144244105
"869",26996,-0.00378214018990718
"870",28718,0.0463352181798784
"871",258,0.0211298410327537
"872",28628,0.0729702336498453
"873",20375,0.139400405419823
"874",19006,0.348351648351648
"875",37987,0.581516056758775
"876",42699,-0.749941320815107
"877",19029,0.0424623919769551
"878",14513,0.140296596607276
"879",27094,0.0652459191294143
"880",27289,0.113234823428998
"881",26781,-0.867070308332444
"882",57125,1.23244958924571
"883",8826,-0.635618265229916
"884",47865,1.2137896084498
"885",37996,2.64455883921903
"886",43034,-0.232598954443615
"887",39707,0.376069561506455
"888",55088,0.154208897898218
"889",34747,0.391240798036915
"890",39918,-0.731788114797823
"891",16580,0.138429531633415
"892",27138,0.189416408833885
"893",14493,0.161031686759842
"894",67264,0.0965592659767417
"895",89788,0.0569774885308866
"896",43507,-0.068185212845407
"897",66518,-0.385794302784594
"898",26842,-0.257164195028273
"899",80485,0.140061879867705
"900",52806,0.0244105409153953
"901",37012,-2.01993491944948
"902",34870,0.407804331590739
"903",27773,0.256604075536114
"904",55086,-0.648975781500053
"905",34007,1.01183185746293
"906",38180,-7.85847647498133
"907",64776,0.204400938866958
"908",75224,0.378139336391764
"909",74086,-0.0863597567481063
"910",64573,0.317593086525125
"911",80577,-0.271017817134322
"912",35699,0.586642483729862
"913",43123,-4.33303104662328
"914",30036,-0.0230715886055692
"915",37974,0.0422543475941534
"916",39648,-0.475456097300757
"917",35946,-1.10901525658807
"918",37414,-0.373546356556065
"919",39594,-0.377205803904833
"920",29993,-0.261538461538462
"921",36878,-3.55332337565347
"922",34026,-0.572202069774885
"923",35354,-0.965181905473168
"924",39706,-0.208284434012589
"925",31718,-0.0353942174330524
"926",36648,-3.33419929584978
"927",34036,-0.830363810946335
"928",30058,-0.0328069988264163
"929",34786,0.804246239197695
"930",35934,-0.0671343219886909
"931",35626,1.36970020270991
"932",30528,-0.890814040328603
"933",36592,0.288946975354742
"934",34457,0.993097194068068
"935",29288,-0.534396671289875
"936",34368,5.70354742345034
"937",36875,-10.1243785340873
"938",35944,-0.0877787261282407
"939",40047,-0.0957004160887656
"940",39868,0.0203029979729009
"941",30056,-0.108764536434439
"942",40071,-0.628123332977702
"943",37889,0.0676037554678331
"944",37665,0.350181372026032
"945",37881,0.0562413314840499
"946",36435,-0.161191720900459
"947",39466,0.0995145631067961
"948",34008,1.40888722927558
"949",34189,-0.0837885415555318
"950",39704,-0.0734023258295103
"951",36967,3.13279099541235
"952",34812,-0.24010989010989
"953",36266,0.172036701162915
"954",32236,-0.0541182118852022
"955",30238,-0.153238024111811
"956",39705,-0.315085884988798
"957",35416,-1.14990397951563
"958",29119,-0.743774671930012
"959",36618,-1.24463352181799
"960",37880,-1.35177637896085
"961",35316,-0.733207084177958
"962",35628,0.345086951883068
"963",40191,-0.0450442761122373
"964",34051,0.0241064760482236
"965",36667,0.775306732102849
"966",35039,-0.119572175397418
"967",35435,-0.343518617305025
"968",33663,-1.82006828123333
"969",36971,0.269246772644831
"970",37416,-0.465405953270031
"971",40151,0.0913848287634695
"972",37346,-2.96039688466873
"973",34395,-0.277067107649632
"974",34366,-0.0646004480955937
"975",34871,0.459954123546357
"976",34425,2.03960844980262
"977",37413,-0.987287954763683
"978",34787,0.0458337778726128
"979",36606,0.422895551050891
"980",40327,0.940125893523952
"981",33467,-0.77611757174864
"982",37937,0.0328870158967246
"983",32232,0.927872612824069
"984",36650,-4.49200362744052
"985",29997,0.215960738290835
"986",39650,-0.348170276325616
"987",34815,-0.546692627760589
"988",39827,-0.168729328923504
"989",39917,-1.40111490451296
"990",29568,-0.0584871439240371
"991",35418,-1.02134321988691
"992",40331,1.18890429958391
"993",36108,0.305051744372133
"994",34702,0.191731569401472
"995",37936,-0.208812546676624
"996",32235,0.467038301504321
"997",34839,-0.383719193427931
"998",36614,-0.0834044596180518
"999",33658,-1.60662007895018
"1000",39753,-1.0330630534514
"1001",36034,-0.0286407766990291
"1002",34737,0.106065293929372
"1003",37986,0.289960524911981
"1004",29712,0.00215512642697109
"1005",37935,0.756966819588179
"1006",36887,-0.201589672463459
"1007",33660,-0.0448842419716206
"1008",31167,-0.229446281873466
"1009",30247,-0.0810839645791102
"1010",39635,-0.172314093673317
"1011",31866,-0.451680358476475
"1012",39659,-0.507702976635015
"1013",34876,0.270254987730716
"1014",33665,0.0389523098260962
"1015",36574,-0.257937693374587
"1016",34030,-0.76360823642377
"1017",31719,-0.229312920089619
"1018",34995,0.889773818414595
"1019",34116,-1.32598954443615
"1020",34881,0.269150752160461
"1021",30057,0.43396457911021
"1022",35527,0.0800064013656247
"1023",36668,0.178859490024539
"1024",34746,-0.624341192787795
"1025",39752,-0.325765496639283
"1026",58836,-0.396986023685053
"1027",34076,-0.580363810946335
"1028",34959,-0.139592446388563
"1029",40053,2.86724634588712
"1030",34122,0.118009175290729
"1031",34015,-0.263522884882108
"1032",35947,-1.64910380881255
"1033",39597,-0.193395924463886
"1034",38089,-1.15264589779153
"1035",34458,1.72483729862371
"1036",40289,0.2413581564067
"1037",35453,-0.640371279206231
"1038",30526,-0.103344713538888
"1039",36473,0.0644830897258082
"1040",35964,0.317998506348021
"1041",35586,0.308417795796437
"1042",36591,-0.291123439667129
"1043",40192,-0.444398805078417
"1044",33518,0.198821081830791
"1045",39865,0.918318574629254
"1046",36769,-1.52332764323056
"1047",34164,1.22329563640243
"1048",34255,-0.262066574202497
"1049",39699,0.306438706924144
"1050",34267,0.0267683772538141
"1051",35109,0.159073935772965
"1052",39825,0.303259361997226
"1053",29710,-0.324890643337245
"1054",37217,1.08961378427398
"1055",36604,0.234396671289875
"1056",37526,-0.373850421423237
"1057",34759,-0.110844980262456
"1058",34188,-0.291832924357196
"1059",36764,0.797839539101675
"1060",58875,-3.81146911341086
"1061",34690,-0.164829830363811
"1062",36872,-0.0345353675450763
"1063",31474,-0.0229168889363064
"1064",29708,-0.494766883601835
"1065",39916,1.67319961591806
"1066",40070,-0.548778406059959
"1067",37040,0.115560652939294
"1068",34032,0.124079803691454
"1069",43109,0.0300704150218713
"1070",36468,-0.0966712898751734
"1071",33672,0.0961591806252
"1072",39951,-0.342814467086312
"1073",40465,0.104918382588286
"1074",30016,-0.0542462391976955
"1075",29996,-0.127600554785021
"1076",40591,-2.61605142430385
"1077",38507,-0.477589885842313
"1078",36765,0.221930011735837
"1079",36870,0.147098047583484
"1080",34052,-1.68059852768591
"1081",34753,0.323578363384189
"1082",40048,-1.14371065827377
"1083",37642,0.478656780113091
"1084",34748,-0.269508161741171
"1085",40126,-0.528101995092286
"1086",36617,-0.434626053558092
"1087",34823,-0.408305771898005
"1088",38046,0.255057078843487
"1089",40313,-0.0477648565027206
"1090",29566,-0.266451509655393
"1091",34061,0.503883495145631
"1092",35427,-0.0463778939507095
"1093",36673,0.334642056972154
"1094",40189,-0.302597887549344
"1095",33971,0.143699989331057
"1096",40359,-0.198570361677158
"1097",40590,0.473946441907607
"1098",36258,-0.182118852021765
"1099",34454,1.11074895977809
"1100",34919,0.652709911447775
"1101",39839,0.536109036594473
"1102",34436,0.0556065293929372
"1103",36749,-0.24740744692201
"1104",34886,-0.154619652192468
"1105",34819,-0.289048330310466
"1106",34033,-0.178918169209431
"1107",36616,0.818291902272485
"1108",37020,0.578128667449056
"1109",38031,0.361773178278033
"1110",34606,-0.0685266190120559
"1111",38169,-0.179883708524485
"1112",40326,0.49500693481276
"1113",31990,0.222874213165475
"1114",36122,0.0237490664675131
"1115",36733,0.0530513176144244
"1116",39922,-0.0744532166862264
"1117",39771,0.289731142643764
"1118",34449,-0.254342259682065
"1119",40528,-1.10182972367438
"1120",34078,0.104347594153419
"1121",37048,-0.549301184252641
"1122",39919,-0.0513549557238878
"1123",36578,-0.129019524165155
"1124",38508,0.0222927557879014
"1125",36620,-0.181638749599915
"1126",36124,0.165635335538248
"1127",36690,-1.48823215619332
"1128",34729,-0.0514563106796116
"1129",308,-0.00279526298943775
"1130",40069,0.524522564813827
"1131",37014,-0.43610370212312
"1132",40244,-0.155467833137736
"1133",36595,0.135863650912195
"1134",39671,-0.0760588925637469
"1135",44306,0.233249759948789
"1136",29728,-0.0155073082257548
"1137",36531,-0.112029232903019
"1138",34113,-0.00805505174437213
"1139",30668,-0.121268537287955
"1140",40118,-0.04990397951563
"1141",38086,0.112717379707671
"1142",77719,0.105553184679398
"1143",36006,0.0746932678971514
"1144",36763,0.0779152885949002
"1145",39555,1.59554038194815
"1146",40315,-0.0669049397204737
"1147",40363,-0.388973647711512
"1148",38033,-0.224709271311213
"1149",34092,-0.100549450549451
"1150",39577,-0.0392190333937907
"1151",29812,0.274143817347701
"1152",31208,0.0817241011415769
"1153",40500,-0.934988797610157
"1154",40152,0.557046836658487
"1155",34605,0.120132294889576
"1156",69638,1.58574629254241
"1157",37664,-1.18724527899285
"1158",68127,-0.0365411287741385
"1159",37131,-0.374479889042996
"1160",44657,0.34397738184146
"1161",52580,0.582529606316014
"1162",40182,-0.280326469646858
"1163",29423,-0.10995945801771
"1164",37204,0.191779579643657
"1165",33469,-0.0744425477435186
"1166",89198,1.56327749919983
"1167",37640,-0.0214392403712792
"1168",38580,-0.36593940040542
"1169",72816,0.0790888722927558
"1170",36808,-0.100666808919236
"1171",45247,-0.702171129841033
"1172",33316,0.21930011735837
"1173",89621,-0.160146164515097
"1174",43138,-0.0220900458764536
"1175",82866,4.72083644510829
"1176",49189,2.15095487037235
"1177",82846,1.34190760695615
"1178",38081,0.149461218393257
"1179",40190,-2.19132081510722
"1180",82898,0.153808812546677
"1181",43848,-0.290381948148938
"1182",48115,0.82032967032967
"1183",54448,0.0637149258508482
"1184",52581,-0.578262029232903
"1185",41076,-1.27848607702977
"1186",53211,0.0192147658167076
"1187",59037,-0.390984743411928
"1188",63355,0.0972954230235784
"1189",56196,-0.748981115971407
"1190",4846,0.0635655606529393
"1191",56195,0.418153206017284
"1192",43333,2.0000693481276
"1193",43076,0.166792915822042
"1194",48101,0.0149845300330737
"1195",45888,0.21133041715566
"1196",40594,-0.640723354315587
"1197",6316,0.0812439987197269
"1198",41670,-0.637885415555319
"1199",58886,-1.02014296383228
"1200",44428,-0.254528966179452
"1201",41299,-0.330523845086952
"1202",58874,-0.547418115864718
"1203",49083,0.120708417795796
"1204",41413,-0.243171876667022
"1205",59159,0.115464632454924
"1206",50686,-0.266350154699669
"1207",47776,0.393299903979516
"1208",48164,-1.10222980902593
"1209",5106,0.0444628187346634
"1210",41846,-1.72329563640243
"1211",52316,-1.44487357302891
"1212",41316,-0.400277392510402
"1213",48690,0.13255094420143
"1214",46939,-0.0783260428891497
"1215",5103,-0.124271844660194
"1216",56793,-0.242275685479569
"1217",44350,0.182012162594687
"1218",52597,0.437522671503254
"1219",4356,-0.74637789395071
"1220",5038,0.0584658060386216
"1221",54056,0.0126426971087165
"1222",64136,0.415016536861197
"1223",5004,-0.093331910807639
"1224",52199,0.579216899605249
"1225",56193,-0.906134642056972
"1226",45274,0.283697855542516
"1227",41943,0.115352608556492
"1228",57051,1.60019737544009
"1229",59182,0.0630694548170276
"1230",41279,-0.402160460898325
"1231",43073,0.0165955403819482
"1232",5247,0.214002987303958
"1233",59162,0.829851701696362
"1234",48146,0.0205217112984103
"1235",52598,0.639608449802625
"1236",43318,-0.180758561826523
"1237",56843,-0.772698175610797
"1238",43120,0.180486503787475
"1239",62420,-0.24625520110957
"1240",44520,-0.179504961058359
"1241",63530,-0.705633201749707
"1242",53216,-1.41062626693695
"1243",44419,-0.3048703723461
"1244",56792,-0.592878480742558
"1245",58866,-0.304555638536221
"1246",58865,-0.318366584871439
"1247",52595,0.41968419929585
"1248",43296,0.0290942067641097
"1249",59231,-0.109612717379708
"1250",56805,0.0823749066467513
"1251",4381,0.00281126640349941
"1252",5006,0.0277179131548064
"1253",52599,0.191614211031687
"1254",55106,-0.208108396457911
"1255",41703,-0.262781393363918
"1256",42079,-0.00316334151285608
"1257",45419,-0.33703723461005
"1258",49084,3.81401365624667
"1259",52835,0.137554678331377
"1260",41840,-0.299029126213592
"1261",52591,-0.141331484049931
"1262",43051,0.048223621039155
"1263",43095,-0.212018563960312
"1264",41691,0.15720153632775
"1265",5159,0.0538248159607383
"1266",41209,0.278966179451616
"1267",45245,-0.143427931292009
"1268",42240,-0.0390696681958818
"1269",42599,-0.160476901739038
"1270",58899,-1.7985543582631
"1271",57120,0.516648885095487
"1272",4084,0.00986343753334044
"1273",42984,-0.32323695721754
"1274",55246,0.0202336498453003
"1275",5327,0.525685479568975
"1276",41705,0.299887976101568
"1277",4636,-0.0496425904192895
"1278",5289,0.118563960311533
"1279",59163,0.245396351221594
"1280",43984,-0.276645684412675
"1281",53920,-0.00440093886695828
"1282",41500,0.00906860130161101
"1283",40804,0.0977221807318895
"1284",44660,-0.63178278032647
"1285",56194,0.163325509442014
"1286",54436,0.537693374586578
"1287",5329,-0.00622532806998827
"1288",42714,0.677307158860557
"1289",54706,-0.205969273445002
"1290",54647,0.0536434439347061
"1291",63354,-0.0464419076069562
"1292",47861,4.99379600981543
"1293",52318,0.0813133468473274
"1294",5446,-0.301189587111917
"1295",4096,0.0852501867064974
"1296",4866,0.638605569188093
"1297",43328,0.256332017497066
"1298",48102,-0.250005334471354
"1299",43501,-0.00453430065080551
"1300",5596,-0.152757921689961
"1301",4936,0.0230769230769231
"1302",44456,-0.110882321561933
"1303",42676,0.0841352821935346
"1304",48107,-1.09211565133895
"1305",5290,-0.115619332124186
"1306",5696,-0.020057612290622
"1307",47790,-0.264131014616451
"1308",62097,0.291971620612397
"1309",43387,-0.0990824709271311
"1310",44603,-0.356321348554358
"1311",43035,-0.0339859169956257
"1312",5635,-0.275509442014296
"1313",46001,-0.534327323162275
"1314",40597,0.651354955723888
"1315",43031,0.183751200256055
"1316",464,0.0495892457057506
"1317",56006,-0.567753120665742
"1318",4717,-0.270361677157794
"1319",58898,-0.63626907073509
"1320",5430,0.0297343433265763
"1321",42149,0.00292329030193106
"1322",56206,-0.314781820121626
"1323",56798,0.191507521604609
"1324",5404,0.142590419289448
"1325",43302,0.458791208791209
"1326",41707,0.0915715352608557
"1327",4616,-0.0359916782246879
"1328",64121,0.0368932038834951
"1329",54646,-0.364813826949749
"1330",86906,0.194926917742452
"1331",4367,0.0462658700522778
"1332",43077,0.309127280486504
"1333",52317,-0.0390269924250507
"1334",6206,0.0199242505067748
"1335",43145,-0.145086951883068
"1336",52314,-0.995849781286675
"1337",40821,-0.102448522351435
"1338",43050,0.523823749066468
"1339",42507,-0.0370745759095274
"1340",52216,-0.0283847220740425
"1341",41078,-0.0238237490664675
"1342",5350,-0.121007148191614
"1343",49509,-0.0541182118852022
"1344",43596,-0.237634695401686
"1345",46142,-1.16743838685586
"1346",57129,0.344404139549771
"1347",52656,0.0119598847754188
"1348",6076,-0.243459938120132
"1349",54444,-0.56226394964259
"1350",62405,-0.0907180198442334
"1351",54447,0.158860556918809
"1352",48143,0.422911554464953
"1353",47785,-0.165368611970554
"1354",5037,-0.178443401258935
"1355",56957,0.254459618051851
"1356",43314,0.313389523098261
"1357",5149,0.0015309932785661
"1358",5105,0.137175930865251
"1359",41326,0.0504214232369572
"1360",63812,-0.103696788648245
"1361",52312,0.0926704363597567
"1362",40656,0.106854795689747
"1363",40599,-0.158609836765177
"1364",58890,0.319865571321882
"1365",67527,1.43310572922223
"1366",58888,0.448575696148512
"1367",42009,0.0896671289875173
"1368",62400,-0.00806572068707995
"1369",5349,0.496692627760589
"1370",57092,-0.141326149578577
"1371",64000,0.122324762616025
"1372",44539,-0.389731142643764
"1373",45884,0.0142483729862371
"1374",62061,-0.0110903659447349
"1375",40926,-0.057340232582951
"1376",44442,-0.180347807532274
"1377",56958,-0.00223514349727942
"1378",51696,-0.582284220633735
"1379",57168,0.0702656566734237
"1380",5014,0.314435079483623
"1381",41696,0.272244745545716
"1382",41688,-0.216366158113731
"1383",52563,0.174997332764323
"1384",43519,0.115907393577296
"1385",56828,-0.200368078523418
"1386",49188,0.21562466659554
"1387",5555,0.290131227995306
"1388",43112,0.0322788861623813
"1389",49507,-0.0933959244638856
"1390",58897,-0.622527472527473
"1391",56840,-0.232001493651979
"1392",42687,0.05451296276539
"1393",43323,0.172212738717593
"1394",48154,-0.0558465806038621
"1395",41602,-0.304587645364344
"1396",46112,0.0828069988264163
"1397",58840,-0.124762616024752
"1398",5677,0.141747572815534
"1399",4624,-0.104288914968527
"1400",4959,-0.0626853728795476
"1401",58873,-0.9759948789075
"1402",43409,0.140819374799957
"1403",45418,-0.0401792382374907
"1404",55068,0.0351168249226502
"1405",5286,0.0756854795689747
"1406",43319,-0.0745385682278886
"1407",56846,-0.17170062946762
"1408",49182,-4.58937373306305
"1409",44487,0.0317027632561613
"1410",4876,0.112861410434226
"1411",4184,-0.0926864397738184
"1412",43685,0.0233329777019097
"1413",44308,0.0242184999466553
"1414",41512,0.0531420036274405
"1415",42610,-0.317966499519898
"1416",53692,-0.225056011949216
"1417",41927,-1.77316227461859
"1418",43747,-0.892243678651446
"1419",64147,0.157713645577723
"1420",58895,-0.996041822255414
"1421",49374,-0.0924303851488318
"1422",56667,-0.0161047690173904
"1423",42983,0.037234610050144
"1424",41161,-0.253035314200363
"1425",44516,-0.404134215299264
"1426",5153,0.104198228955511
"1427",4090,0.0136935879654326
"1428",58893,0.20467833137736
"1429",63959,0.0499573242291689
"1430",54057,0.137079910380881
"1431",43615,0.080038408193748
"1432",46497,-0.252576549663928
"1433",5360,0.0335271524591913
"1434",58845,-0.659847434119279
"1435",4357,-0.0580977275152032
"1436",48696,0.13137202603222
"1437",39952,-0.354054198228956
"1438",42893,0.19481489384402
"1439",58801,0.848015576656353
"1440",52579,0.182566947615491
"1441",42244,-0.228838152139123
"1442",5288,0.0944948255627867
"1443",44266,-0.0484476688360184
"1444",43991,-0.11862797396778
"1445",58876,-0.0601568334578043
"1446",4610,0.0324709271311213
"1447",43644,-0.149562573348981
"1448",43647,-0.230235783633842
"1449",49156,0.148106262669369
"1450",57157,0.46315480635869
"1451",5700,-0.0568921369892244
"1452",42204,-0.886887869412141
"1453",46127,-0.125520110957004
"1454",4374,0.0401205590525979
"1455",41625,0.0512536007681639
"1456",48122,0.265309932785661
"1457",5136,-0.0513069454817028
"1458",4111,0.0077349834631388
"1459",46499,-0.133591166115438
"1460",63522,-0.329302251146911
"1461",4718,0.0867225008001707
"1462",46140,-0.533175077349835
"1463",45306,-0.222340766030086
"1464",43645,-0.0253120665742025
"1465",49712,-0.0516216792915822
"1466",4611,-0.00375013336178385
"1467",5362,0.306033287101248
"1468",5104,-0.0504961058359117
"1469",82826,0.094292115651339
"1470",64138,0.151968419929585
"1471",46290,-0.205286461111704
"1472",43686,0.259020591059426
"1473",428,0.0964152352501867
"1474",73456,0.217299690600661
"1475",43618,-0.542467726448309
"1476",928693,0.075621465912728
"1477",42127,0.0528166008748533
"1478",5242,0.134743411927878
"1479",68022,0.0776272271417903
"1480",87936,0.195791102101782
"1481",87509,0.828470073615705
"1482",6052,0.049759948789075
"1483",47788,0.0343326576336285
"1484",4993,0.0498613037447989
"1485",42137,0.0970020270991145
"1486",42120,0.0812920089619119
"1487",82637,-2.57719513496213
"1488",81126,0.775296063160141
"1489",5747,-0.733185746292542
"1490",58746,0.0513336178384722
"1491",5702,0.0852981969486824
"1492",4989,-0.178117998506348
"1493",89242,0.495828443401259
"1494",57150,0.615726021551264
"1495",558,-0.00656673423663712
"1496",76487,0.950981542729116
"1497",81196,-1.57210071481916
"1498",64904,1.95403286034354
"1499",75210,-2.99969060066147
"1500",44468,0.154918382588285
"1501",89221,-0.0703510082150859
"1502",87014,-0.390339272378107
"1503",64510,1.0403286034354
"1504",66240,0.137191934279313
"1505",69657,2.15488104128881
"1506",77668,-0.341027419182759
"1507",77842,-1.49589245705751
"1508",77688,-0.563202816600875
"1509",84211,0.554198228955511
"1510",86666,-0.207601621679292
"1511",83363,-0.640376613677584
"1512",65200,-0.0908513816280807
"1513",77776,-0.973989117678438
"1514",69946,-0.967939827163128
"1515",87150,0.545503040648672
"1516",88294,1.34543369252107
"1517",78616,0.2576816387496
"1518",67586,0.0755361143710658
"1519",73762,-0.144884241971621
"1520",64736,-1.34624453216686
"1521",77847,0.296041822255414
"1522",77545,0.118398591699563
"1523",87484,0.143731996159181
"1524",77709,0.0339112343966713
"1525",64892,0.213880294462819
"1526",86672,-0.04875173370319
"1527",67522,-0.143129200896191
"1528",69658,0.162834738077457
"1529",82606,0.62925957537608
"1530",66296,-0.393940040541982
"1531",73755,-0.0979035527579217
"1532",64933,0.2163234823429
"1533",80058,0.223669049397205
"1534",77741,0.0407340232582951
"1535",69667,0.331905473167609
"1536",73986,0.591603542088979
"1537",80236,0.982988370852449
"1538",64774,0.539651125573456
"1539",68039,0.0372506134642057
"1540",8824,0.454859703403393
"1541",77487,8.58277499199829
"1542",86637,-0.365064547103382
"1543",6997,0.106812119918916
"1544",69947,2.29996265870052
"1545",87647,0.473295636402433
"1546",87596,0.235234183292436
"1547",80488,0.155585191507522
"1548",72504,-4.36246665955404
"1549",64645,0.226912407980369
"1550",80024,-0.0424303851488318
"1551",84159,0.65547316760909
"1552",82844,-0.333767203670116
"1553",72904,-1.8426651018884
"1554",87938,0.198890429958391
"1555",77647,-0.444014723140937
"1556",77786,0.097935559586045
"1557",82187,-0.103104662327963
"1558",64715,0.075957537608023
"1559",68611,0.0158487143924037
"1560",65257,2.08754400938867
"1561",87410,0.0136135708951243
"1562",80576,-0.212733383121733
"1563",64440,-0.452357836338419
"1564",84617,0.0757921689960525
"1565",65066,0.486631814787155
"1566",80687,-0.815016536861197
"1567",76040,-0.0829136882534941
"1568",73754,-0.586695828443401
"1569",86668,0.100762829403606
"1570",86843,2.35888189480422
"1571",64676,0.557004160887656
"1572",87849,-0.0519630854582311
"1573",68011,0.534466019417476
"1574",77318,-0.115774031793449
"1575",68031,-0.0671236530459831
"1576",77674,-1.15571321882001
"1577",73517,-0.366382161527793
"1578",82626,0.0864291048757068
"1579",77880,-0.302464525765497
"1580",67266,0.351013549557239
"1581",64439,-1.46583271097834
"1582",80447,0.0446922010028806
"1583",65259,-0.933649845300331
"1584",64863,-4.75819374799957
"1585",68034,0.308919236103702
"1586",72448,-0.0712258615171237
"1587",80457,0.262712045236317
"1588",69634,-0.158279099541235
"1589",82146,0.16555531846794
"1590",66295,1.78635442227675
"1591",88186,-1.81408833884562
"1592",82612,-0.0575856182652299
"1593",64711,0.0902219140083218
"1594",77632,0.20640670009602
"1595",82147,0.133089725808172
"1596",76486,0.00504640990077876
"1597",73702,-0.228438066787581
"1598",65061,0.0873893097194068
"1599",65195,0.687266616878267
"1600",72903,-1.80714819161421
"1601",65127,0.399226501653686
"1602",71529,0.257137522671503
"1603",87402,-4.85053878160674
"1604",68126,0.332321561933212
"1605",64996,0.549935986343753
"1606",82787,1.23034780753227
"1607",79516,0.200021337885416
"1608",75181,-1.17146591272805
"1609",72732,-0.397530139763149
"1610",82820,1.00665742024965
"1611",85550,-0.31888936306412
"1612",75213,-0.382268217219674
"1613",65793,-0.118286567801131
"1614",67528,0.267000960204844
"1615",82827,0.16593940040542
"1616",8825,-0.287554678331377
"1617",84496,0.398292969166756
"1618",77843,0.214893844020058
"1619",68017,-0.609858103061987
"1620",77714,-0.71104235570255
"1621",77805,-0.289891176784381
"1622",68340,-0.885063480209111
"1623",65258,0.0932892350368079
"1624",77472,-0.010460898324976
"1625",67866,-0.161581137309293
"1626",72722,-0.394953590099221
"1627",83370,0.190643337245279
"1628",76036,-0.244260108823216
"1629",77875,-0.0575642803798144
"1630",82840,0.365976741704897
"1631",74740,-0.0137629360930332
"1632",65426,4.22515203243359
"1633",82836,0.763042782460258
"1634",65260,-1.68832817667769
"1635",64755,0.252448522351435
"1636",77284,-0.525237383975248
"1637",73337,0.219049397204737
"1638",81406,0.275136029019524
"1639",64512,0.346980689213699
"1640",87280,3.69313453536755
"1641",87642,-0.339363064120346
"1642",64976,0.0153099327856609
"1643",88018,-0.484092606422704
"1644",75087,7.00217112984103
"1645",80686,0.832022831537395
"1646",67557,-0.235138162808066
"1647",76042,-0.126458977915289
"1648",69706,0.00199509228635442
"1649",65126,0.432086845193641
"1650",67595,-0.590894057398912
"1651",64759,0.293902699242505
"1652",76488,-0.185191507521605
"1653",86698,0.482705643870692
"1654",88036,-0.283713858956577
"1655",82957,-0.0121519257441588
"1656",81207,-0.271860663608237
"1657",77682,1.76617945161634
"1658",65125,-0.0927291155446495
"1659",6998,-0.0117731782780327
"1660",82126,0.247226074895978
"1661",65191,0.10336071695295
"1662",64250,-0.170457697642164
"1663",80003,-0.186802517870479
"1664",76478,0.679168889363064
"1665",74772,-0.289405739891177
"1666",77658,0.0630641203456737
"1667",75209,0.144249439880508
"1668",68842,-0.270217646431239
"1669",80015,0.201472314093673
"1670",88095,-0.343545289661795
"1671",65194,0.138077456524058
"1672",72507,-0.394788221487251
"1673",75212,0.590835378214019
"1674",86839,1.61536861197055
"1675",80571,-0.240915395284327
"1676",69609,-0.111378427397845
"1677",72503,-0.874346527259149
"1678",76767,-0.389288381521391
"1679",67524,0.493310572922223
"1680",71886,-0.213837618691988
"1681",77698,-0.0189000320068281
"1682",64752,0.146052491198122
"1683",76032,-0.0058732529606316
"1684",75165,-1.27007895017604
"1685",86885,-0.0796970020270991
"1686",77889,-0.402448522351435
"1687",66226,0.173679718339913
"1688",64816,0.432268217219674
"1689",82610,0.27736583804545
"1690",66213,-0.332593619972261
"1691",82837,-0.360034140616665
"1692",64572,0.288605569188093
"1693",86873,0.0782940360610264
"1694",67161,0.150800170703083
"1695",64876,0.160578256694762
"1696",69713,0.12196201856396
"1697",86250,-0.093667982502934
"1698",68559,0.174517230342473
"1699",77420,-0.040979408940574
"1700",64913,0.265992745118959
"1701",88205,0.201685692947829
"1702",77648,0.417657100181372
"1703",77841,1.83893097194068
"1704",68010,0.0447402112450656
"1705",77378,-0.277483196415235
"1706",64912,0.465870052277819
"1707",73140,0.268836018350581
"1708",86563,-0.899471887335965
"1709",64762,0.0982769657526939
"1710",65016,-0.416734236637149
"1711",87380,1.57825669476155
"1712",68013,-0.0496319214765817
"1713",84201,0.575360076816387
"1714",86975,-0.016408833884562
"1715",64939,0.921369892243679
"1716",85606,1.66391230129094
"1717",77054,-0.711453109996799
"1718",77324,0.10230449162488
"1719",64511,0.480667875813507
"1720",66203,0.0203990184572709
"1721",82780,0.262701376293609
"1722",77900,0.528027312493332
"1723",83907,-0.00358476474981329
"1724",82881,0.0282086845193641
"1725",80096,0.254651659020591
"1726",89177,2.67999039795156
"1727",8208,-0.0722767523738398
"1728",89206,0.82150858849888
"1729",69666,0.287538674917316
"1730",77774,0.123738397524805
"1731",86867,0.13665315267257
"1732",68306,-0.0280379814360397
"1733",87645,-0.475258721860664
"1734",81966,0.0844926917742452
"1735",65144,-0.100186706497386
"1736",82600,0.293150538781607
"1737",88116,0.751376293609303
"1738",73780,-0.068233223087592
"1739",86661,-0.0247786194388136
"1740",76038,0.139885842313027
"1741",64513,-0.0994505494505495
"1742",82611,0.304352928624773
"1743",77228,-0.348170276325616
"1744",86749,0.220372346100501
"1745",73809,-0.848778406059959
"1746",86785,0.951595006934813
"1747",69711,1.96510722287421
"1748",83906,0.0852928624773285
"1749",64937,0.344521497919556
"1750",84636,0.0177264483089726
"1751",68800,-0.329014189693801
"1752",87266,-0.0561186386429105
"1753",79966,-0.00618798677051105
"1754",64601,0.374442547743519
"1755",85066,-0.103200682812333
"1756",80130,0.450256054624987
"1757",72480,-0.18619972260749
"1758",88147,0.0137736050357409
"1759",87385,0.17909420676411
"1760",86673,-0.185852981969487
"1761",85796,0.0589032326896405
"1762",68049,0.119892243678651
"1763",77779,0.0300010668942708
"1764",73533,0.616510188840286
"1765",77848,0.232625626800384
"1766",77768,-0.120900458764536
"1767",64620,-0.385170169636189
"1768",67534,-0.389837832070842
"1769",77730,0.0239677797930225
"1770",73624,0.00221380561186386
"1771",84153,0.731462712045236
"1772",80296,0.0632561613144138
"1773",67610,0.0227995305665208
"1774",86564,-0.135479568974715
"1775",77846,1.23165475301398
"1776",76669,0.0964899178491412
"1777",77050,-0.207436253067321
"1778",77703,-0.0297290088552224
"1779",87306,0.383916568868025
"1780",77673,1.58682919022725
"1781",80451,-0.283809879440947
"1782",87416,0.126565667342366
"1783",64489,-0.890099221167182
"1784",64921,0.717651765710018
"1785",84151,0.802747252747253
"1786",86694,-0.124863970980476
"1787",77851,1.54338525552118
"1788",86310,-0.405457164195028
"1789",77218,-0.0682385575589459
"1790",86910,0.178283367118319
"1791",67578,-0.373039581777446
"1792",72945,-0.00794302784594047
"1793",88188,-0.136914541768911
"1794",73729,0.0105622532806999
"1795",72508,-0.0537501333617838
"1796",87288,0.323658380454497
"1797",4825,0.183889896511256
"1798",988849,-0.582609623386322
"1799",77739,2.19693801344287
"1800",77697,0.779494292115651
"1801",941836,-0.0993705323802411
"1802",77646,0.782214872506135
"1803",76436,-0.561965219246773
"1804",76438,-0.420351008215086
"1805",100700,-0.793001173583698
"1806",88298,0.421737970767097
"1807",89617,0.334103275365411
"1808",89646,0.297455457164195
"1809",89626,0.432321561933212
"1810",78070,-0.298148938440201
"1811",89182,0.178571428571429
"1812",921244,-0.123839752480529
"1813",89577,5.77968099861304
"1814",89121,0.207692307692308
"1815",89781,-0.285922330097087
"1816",88533,-0.277168462605356
"1817",89029,0.1076816387496
"1818",903124,-0.0149951989757815
"1819",88766,0.289389736477115
"1820",980023,-0.329771684626054
"1821",78073,-1.35399018457271
"1822",89468,0.0179611650485437
"1823",28279,-3.15299263842953
"1824",88741,0.0442281019950923
"1825",9278,0.119582844340126
"1826",89139,0.111271737970767
"1827",89200,0.576464312386642
"1828",77956,-2.36951349621253
"1829",89665,0.0731462712045236
"1830",88768,0.144985596927345
"1831",58835,0.123098260962339
"1832",89235,0.549573242291689
"1833",89215,0.0839112343966713
"1834",89887,-0.656150645471034
"1835",89445,0.631724101141577
"1836",100108,-1.47669369465486
"1837",5745,-0.215710018137203
"1838",64418,-1.99294782887016
"1839",89566,0.0895977808599168
"1840",89846,0.253232689640457
"1841",88536,-1.56944948255628
"1842",88540,0.159852768590633
"1843",89136,-0.022938226821722
"1844",73749,-0.435474234503361
"1845",57158,0.594606849461218
"1846",89610,-1.0621359223301
"1847",936859,-7.71713432198869
"1848",89916,-0.0556385362210605
"1849",984393,-0.267310359543369
"1850",9432,-0.120340339272378
"1851",89644,0.253424730609197
"1852",84141,-0.505323802411181
"1853",988104,0.0971940680678545
"1854",434,-0.333409794089406
"1855",89443,0.134199295849781
"1856",75242,-0.358839219033394
"1857",89533,0.456961485116825
"1858",57181,0.299274511895871
"1859",89339,0.20352608556492
"1860",89178,0.183489811159714
"1861",31493,-0.399439880507842
"1862",89286,0.361447775525445
"1863",88833,0.549855969273445
"1864",89233,0.15979408940574
"1865",36983,-0.402603222020698
"1866",52562,-0.457740317934493
"1867",16906,-0.135820975141363
"1868",88602,0.0812226608343113
"1869",89519,-0.0186706497386109
"1870",89837,0.0526725701482983
"1871",89207,0.0776325616131441
"1872",100107,-6.02521604608983
"1873",917914,0.254913048116932
"1874",88841,0.0227301824389203
"1875",969618,0.0155179771684626
"1876",57161,-0.0213005441160781
"1877",903037,0.0959884775418756
"1878",89030,0.159623386322415
"1879",994155,1.08258295102955
"1880",89274,-0.0488317507734983
"1881",902291,-0.00657740317934492
"1882",57179,0.228160674277179
"1883",86845,-0.426944414808492
"1884",87589,-0.446015149898645
"1885",904976,-0.211010348874427
"1886",39725,0.0194174757281553
"1887",31472,-0.110210178171343
"1888",88659,0.181195988477542
"1889",89624,0.795892457057506
"1890",28275,-0.367827803264696
"1891",89150,0.0399925317401046
"1892",920376,0.284967459724741
"1893",78071,-1.41963618905366
"1894",75243,-0.816051424303851
"1895",941467,0.0605249119812227
"1896",984142,-0.573658380454497
"1897",78078,-0.36670756428038
"1898",77994,-0.0067321028486077
"1899",994950,-0.274618585298197
"1900",47002,-0.417683772538141
"1901",89796,0.166163448202283
"1902",80438,-0.146687293289235
"1903",903522,-0.0250560119492158
"1904",57276,0.109788754934386
"1905",5744,-0.0586951883068388
"1906",89583,0.139416408833885
"1907",100696,-0.514675130694548
"1908",40073,-0.128523418329244
"1909",57201,-0.396345887122586
"1910",89535,-0.116536861197055
"1911",912900,0.142078310039475
"1912",64009,-0.688322842206337
"1913",38170,-0.00879120879120879
"1914",89099,0.138130801237597
"1915",962476,-6.8274405206444
"1916",995530,0.415181905473168
"1917",989292,0.154849034460685
"1918",904715,-0.172436786514456
"1919",77955,0.555606529392937
"1920",89838,-0.196548597034034
"1921",89268,-0.144612183932572
"1922",987514,-0.634023258295103
"1923",78079,-1.64795689747146
"1924",988063,-2.14317721113838
"1925",902243,0.115379280913261
"1926",903892,0.0378214018990718
"1927",65232,-0.292409047263416
"1928",942395,0.199541235463566
"1929",78072,-0.395396351221594
"1930",927461,0.191923610370212
"1931",902795,0.120879120879121
"1932",904800,0.147039368398592
"1933",26737,-0.0484423343646645
"1934",946574,-3.7593940040542
"1935",918010,-0.689939187026566
"1936",73737,-0.78828550090686
"1937",36767,-0.51293609303318
"1938",57274,0.0968473274298517
"1939",86748,-0.143710658273765
"1940",903771,0.031622746185853
"1941",903880,0.0811479782353569
"1942",984161,0.149322522138056
"1943",902536,-0.0157473594366798
"1944",989291,-0.0915395284327323
"1945",89532,-0.385287528005975
"1946",964039,-0.0602955297130054
"1947",17509,0.265037874746613
"1948",984191,0.98024645257655
"1949",984160,-0.198154272911554
"1950",903881,-0.0249279846367225
"1951",903089,0.140531313346847
"1952",37125,-0.246495252320495
"1953",68128,-0.246191187453323
"1954",910882,0.0638002773925104
"1955",903690,0.25835378214019
"1956",964123,0.0461805185106156
"1957",15830,-0.0397364771151179
"1958",941941,0.0581030619865571
"1959",26759,-0.310444894910914
"1960",973627,-0.123834418009175
"1961",51506,0.207932358903233
"1962",966122,0.15890323268964
"1963",922208,-0.392723781073296
"1964",932650,-0.0402965966072762
"1965",915257,0.0955937266616878
"1966",902256,0.113736263736264
"1967",976892,0.139336391763576
"1968",905606,0.0328603435399552
"1969",936600,-11.0815320601728
"1970",904564,0.0118318574629254
"1971",28465,0.0513869625520111
"1972",942396,0.120783100394751
"1973",982902,-0.0156513389523098
"1974",984400,0.270014936519791
"1975",89249,-0.0756961485116825
"1976",942636,0.054849034460685
"1977",17205,-0.501280273124933
"1978",962094,-2.03803478075323
"1979",903385,0.141955617198336
"1980",19094,-1.95795903126
"1981",75221,0.432860343539955
"1982",31470,0.402827269817561
"1983",37044,-0.227477861943881
"1984",100666,-0.63665315267257
"1985",64529,0.166947615491305
"1986",903458,0.0456150645471034
"1987",10830,-0.340771364557772
"1988",43646,-0.200837512002561
"1989",927707,0.05057612290622
"1990",1258,-0.1221540595327
"1991",64011,-0.842953163341513
"1992",39619,-0.221497919556172
"1993",908806,0.081324015790035
"1994",37067,-0.642462391976955
"1995",39611,-0.0321775312066574
"1996",22219,-0.134524698602368
"1997",39556,-0.411730502507202
"1998",100663,-0.507542942494399
"1999",26714,0.0106582737650699
"2000",86565,-0.176992425050677
"2001",37103,-1.50000533447135
"2002",904759,0.0432732316227462
"2003",903203,0.224687933425798
"2004",31496,-0.146836658487144
"2005",941294,0.021065827376507
"2006",944650,-0.120153632774992
"2007",39680,-0.000336071695295037
"2008",902574,-0.102347167395711
"2009",903942,-0.0910967673103595
"2010",27439,0.133852555211779
"2011",994698,0.00466232796329884
"2012",965208,0.0218926704363598
"2013",919236,-0.0370959137949429
"2014",903119,0.0500373412994772
"2015",904761,0.0721807318894697
"2016",40569,0.0834791422170063
"2017",902157,0.172452789928518
"2018",996237,-0.621188520217646
"2019",904781,-0.0272964899178491
"2020",26757,-0.303366051424304
"2021",266,-2.63044382801664
"2022",26800,-0.0871599274511896
"2023",941060,0.0709484690067214
"2024",913647,0.0132774991998293
"2025",26758,-0.0642697108716526
"2026",927357,-0.583836551797717
"2027",926727,-0.091315480635869
"2028",964714,-0.199402539208364
"2029",39459,-0.162786727835272
"2030",917921,-0.5702336498453
"2031",28276,-4.40223514349728
"2032",930746,0.193577296489918
"2033",927367,-0.0936839859169956
"2034",934962,-0.0046783313773605
"2035",940067,0.0953323375653473
"2036",927255,-0.0670863117465059
"2037",100794,-0.335303531420036
"2038",100531,-0.0569401472314094
"2039",65111,-0.119252107116185
"2040",100594,-0.514147018030513
"2041",27060,-0.00896191187453321
"2042",935961,0.00139229702336498
"2043",949187,0.474335858316441
"2044",100430,-0.296116504854369
"2045",926875,-0.198938440200576
"2046",28278,0.227061773178278
"2047",965185,-0.0297183399125147
"2048",17914,-0.804134215299264
"2049",21215,-0.54385468900032
"2050",26966,0.0195401685692948
"2051",29398,-0.2279152885949
"2052",21208,-0.0310626266936947
"2053",36989,2.05906860130161
"2054",36697,-0.0316974287848074
"2055",36985,14.1955243785341
"2056",36694,-0.0139123012909421
"2057",5669,-0.0346047156726768
"2058",4043,0.0227621892670436
"2059",5885,-0.0815320601728369
"2060",72434,0.275962872079377
"2061",989288,-0.103702123119599
"2062",502,0.0827056438706924
"2063",80145,0.251589672463459
"2064",43360,0.344542835804972
"2065",100630,-1.68885628934173
"2066",964607,0.159719406806785
"2067",80143,0.208055051744372
"2068",10818,1.24491091432839
"2069",43415,0.267235676944415
"2070",965221,0.188296169849568
"2071",926960,0.0330950602795263
"2072",989289,-1.64719940253921
"2073",36015,0.235922330097087
"2074",900138,-1.51625946868665
"2075",34385,0.230982609623386
"2076",78008,0.632668302571215
"2077",965220,-0.130609196628614
"2078",43086,0.230481169316121
"2079",100510,-1.57854475621466
"2080",15911,-0.275760162167929
"2081",948167,0.0952629894377467
"2082",965269,0.287533340445962
"2083",100636,-1.67308759201963
"2084",73802,0.298725061346421
"2085",919564,0.381137309292649
"2086",927079,-0.102027099114478
"2087",902780,-0.111010348874427
"2088",100503,-0.270756428037981
"2089",59100,0.0415288594900245
"2090",903760,-0.0787261282406914
"2091",987507,0.0483943241224795
"2092",989215,-0.0134428678117998
"2093",965264,0.164493758668516
"2094",900013,0.322884882108183
"2095",100202,-0.286226394964259
"2096",39864,0.160428891496853
"2097",938516,0.0792168996052491
"2098",27849,-0.303280699882642
"2099",28040,0.349173156940147
"2100",33983,0.543379921049824
"2101",64435,0.20422490131228
"2102",6237,0.198426330950603
"2103",82618,0.185298196948682
"2104",43322,0.879616984956791
"2105",86625,1.38649311853195
"2106",75211,5.20330737223941
"2107",37147,0.230710551584338
"2108",75214,3.67858209751414
"2109",4000,0.419934919449483
"2110",28370,0.155894590846047
"2111",22216,3.79273978448736
"2112",65025,0.232652299157154
"2113",72912,0.429440947402112
"2114",80014,0.25880721220527
"2115",42153,0.30707884348661
"2116",43325,0.330022404779686
"2117",43410,0.384225968206551
"2118",74936,0.309052597887549
"2119",10781,2.52891816920943
"2120",12865,0.252459191294143
"2121",80295,0.158967246345887
"2122",77824,0.153312706710765
"2123",42166,0.424565240584658
"2124",66199,0.522255414488424
"2125",33286,0.201973754400939
"2126",927114,0.0970286994558839
"2127",35780,0.259692734450016
"2128",86834,0.155510508908567
"2129",19060,0.190840712685373
"2130",65017,0.205393150538782
"2131",921540,-0.205894590846047
"2132",100165,-0.401957750986877
"2133",987407,0.0361037021231196
"2134",928270,-1.2355275792169
"2135",920370,-0.373231622746186
"2136",39723,0.331126640349941
"2137",52186,0.313698922436786
"2138",75226,1.15228848821082
"2139",77903,-1.19987730715886
"2140",26710,-4.13914968526619
"2141",26726,-1.77176464312387
"2142",48192,-0.373658380454497
"2143",5842,-0.471151178918169
"2144",16562,-0.674906646751307
"2145",26712,-0.68646111170383
"2146",995550,0.202827269817561
"2147",915188,-0.384466019417476
"2148",77977,0.272090045876454
"2149",3526,-0.472186066360824
"2150",902247,0.183297770190974
"2151",80530,-0.0901845727088446
"2152",22241,0.187986770511042
"2153",100686,0.217123653045983
"2154",100702,-0.295689747146058
"2155",39553,-0.490168569294783
"2156",39559,-0.661335751627014
"2157",904563,-0.0578576763042782
"2158",940831,-0.019625520110957
"2159",900367,0.215587325296063
"2160",926684,0.512909420676411
"2161",937053,-0.834738077456524
"2162",65327,-0.368067854475622
"2163",87026,-11.79653259362
"2164",87508,0.135090152565881
"2165",902115,0.0365838045449696
"2166",36354,-0.561415768697322
"2167",989653,-0.0460258188413528
"2168",922077,0.206310679611651
"2169",926885,-0.00716952949962658
"2170",36356,-0.397844873573029
"2171",45217,0.724410540915395
"2172",922075,0.21641950282727
"2173",916850,-0.184999466552865
"2174",31507,0.871460578256695
"2175",917677,-0.321540595327003
"2176",34877,0.0548010242185
"2177",65013,84.7450282726982
"2178",65752,0.0920783100394751
"2179",39500,-0.133980582524272
"2180",100765,-0.387485330203777
"2181",100639,0.428358049717273
"2182",100423,1.0501386962552
"2183",44081,-0.27630961271738
"2184",100773,-0.668441267470394
"2185",965266,0.383836551797717
"2186",86560,-0.314477755254454
"2187",65750,-0.0727355169102742
"2188",68042,-0.759538034780753
"2189",86487,0.295615064547103
"2190",965218,0.0709324655926598
"2191",43777,-4.70126960418223
"2192",5890,-0.62196201856396
"2193",66550,-1.07711511789182
"2194",103108,-0.584839432412248
"2195",643,-0.799823962445322
"2196",4001,-0.449455883921903
"2197",80234,-0.162215939400405
"2198",39492,2.80387282620292
"2199",100796,-1.45254454283581
"2200",5891,-0.617966499519898
"2201",15913,-0.140664675130695
"2202",28033,-0.366499519897578
"2203",28032,-1.36907073509015
"2204",87401,0.502187133255094
"2205",58902,0.0335484903446068
"2206",58909,-0.077637896084498
"2207",100744,0.0189800490771364
"2208",10784,-7.78152139123013
"2209",74782,-2.80389416408834
"2210",100509,-0.322991571535261
"2211",41848,-0.404027525872186
"2212",100508,-0.424186493118532
"2213",890,-0.44560973007575
"2214",100550,-0.195423023578363
"2215",41844,-0.904059532700309
"2216",699,-0.525824175824176
"2217",28778,0.470447028699456
"2218",159,-0.480849247839539
"2219",58908,0.249290515309933
"2220",1400,-0.718371919342793
"2221",100784,-0.497290088552224
"2222",904844,0.0186866531526726
"2223",928271,-0.381254667662435
"2224",904815,0.0628934172623493
"2225",74801,-4.06678224687933
"2226",17915,0.00804438280166435
"2227",100824,-1.23309506027953
"2228",100705,-0.920708417795796
"2229",17954,-0.336359756748106
"2230",100119,-0.174522564813827
"2231",51328,-0.0576229595647071
"2232",26814,-0.0166115437960098
"2233",1025,0.19212632028166
"2234",74802,-0.51408833884562
"2235",65332,-1.27478395391017
"2236",470,-1.45415021871333
"2237",100148,0.0444628187346634
"2238",100825,-4.10520110957004
"2239",2229,-1.70455030406487
"2240",14519,-1.6428037981436
"2241",68339,-0.232657633628507
"2242",2226,-0.0298890429958391
"2243",962095,1.32508268430599
"2244",100215,-0.669428144670863
"2245",26673,-0.434482022831537
"2246",1488,-0.778992851808386
"2247",80531,-1.11190654006188
"2248",100807,-0.842963832284221
"2249",614,-0.0350208044382802
"2250",100233,-0.204064867171663
"2251",100246,-0.138056118638643
"2252",100617,-0.079462285287528
"2253",26859,-0.84779152885949
"2254",14518,-0.912802731249333
"2255",68052,-5.18585831644084
"2256",38073,-0.21360823642377
"2257",62920,-0.492046303211352
"2258",100795,0.0245972474127814
"2259",962477,1.85751627013763
"2260",919216,0.557686973220954
"2261",76414,-0.768190547316761
"2262",100427,-0.334898111597141
"2263",59101,-0.0555425157366905
"2264",26613,-0.943886695828443
"2265",100802,-1.0611757174864
"2266",100701,-0.989117678438067
"2267",973240,-0.195561719833564
"2268",525,-0.674901312279953
"2269",100258,-0.204955723887763
"2270",57070,-0.82150858849888
"2271",100603,-0.219518830683879
"2272",19905,-0.197631494718873
"2273",76432,-0.264696468579964
"2274",26707,0.153920836445108
"2275",76430,-0.255483836551798
"2276",100909,-0.396116504854369
"2277",100545,-0.414600448095594
"2278",100752,-1.62063373519684
"2279",910807,-0.740445961805185
"2280",994966,-0.317123653045983
"2281",74776,0.209447348767737
"2282",3121,-0.580353142003627
"2283",87151,-0.227680571855329
"2284",998546,0.259447348767737
"2285",42720,-0.512157260215513
"2286",15622,-1.55791635548917
"2287",46109,-0.0240317934492692
"2288",905868,-0.066744905579857
"2289",44340,0.796633948575696
"2290",44348,0.133425797503467
"2291",36900,15.8863330843913
"2292",483,-0.639784487357303
"2293",36889,12.514002987304
"2294",989646,-0.252597887549344
"2295",2834,-0.250666808919236
"2296",26563,-0.696970020270991
"2297",430,-3.78347914221701
"2298",647,0.267171663288168
"2299",989287,-0.0159714072335432
"2300",36964,0.482769657526939
"2301",986845,0.445647071375227
"2302",74829,0.470820441694228
"2303",74831,0.0344500160034141
"2304",986515,-0.203723461005014
"2305",74836,0.0747252747252747
"2306",37055,-0.127856609410007
"2307",37095,-0.747690173903766
"2308",10933,-0.336770511042356
"2309",10935,-0.327083111063694
"2310",10932,-0.276619012055905
"2311",84404,4.68977915288595
"2312",84219,7.64973327643231
"2313",84187,1.01242398378321
"2314",84217,3.53416728902166
"2315",989290,-0.498794409474021
"2316",988737,-0.0177904619652192
"2317",991228,-0.155393150538782
"2318",916086,-0.219342793129201
"2319",972434,-0.106838792275685
"2320",77055,2.1513656246666
"2321",43902,2.66222660834311
"2322",5924,0.425365411287741
"2323",20158,-0.134727408513816
"2324",15779,0.253392723781073
"2325",14532,0.218868025178705
"2326",43636,0.193006508055052
"2327",19471,0.283084391336819
"2328",21228,-0.0158700522778193
"2329",87075,0.985602261815854
"2330",12872,1.39405739891177
"2331",72928,6.36472847540809
"2332",18858,0.153211351755041
"2333",77049,1.30727088445535
"2334",86987,2.76121305878587
"2335",16843,0.256764109676731
"2336",57182,0.174410540915395
"2337",15187,0.734039261709165
"2338",86544,0.379803691454177
"2339",73063,0.829291582204204
"2340",86781,1.21784380667876
"2341",87043,2.36638216152779
"2342",84142,0.302709911447776
"2343",68222,0.0613410860983677
"2344",76876,0.0535794302784594
"2345",63321,3.21024751947082
"2346",937276,1.31099967993172
"2347",38194,6.13850954870372
"2348",88922,0.599061133041716
"2349",26474,1.13882961698496
"2350",37182,0.335730289128347
"2351",39423,2.85779366264803
"2352",84226,3.65560652939294
"2353",101046,2.97139123012909
"2354",75372,0.481446708631175
"2355",58911,0.657868345246986
"2356",87035,1.56418435932999
"2357",37523,0.374623919769551
"2358",89301,3.71397098047583
"2359",37259,2.21322948895764
"2360",101126,0.690019204096874
"2361",78113,0.989555105089086
"2362",14516,0.161885202176464
"2363",77902,0.869182758988584
"2364",522,-0.120367011629148
"2365",65416,-0.123007574949323
"2366",965344,0.155318467939827
"2367",4246,0.168926704363598
"2368",26463,0.143235890323269
"2369",64149,0.227803264696469
"2370",56944,0.0150698815747359
"2371",16679,0.108503147338099
"2372",88371,4.89522031366692
"2373",72927,2.08152139123013
"2374",100077,0.492617091646218
"2375",84222,2.96565667342366
"2376",84224,1.21470713752267
"2377",64955,0.260642270351008
"2378",73748,0.857510935666275
"2379",18290,0.202229809025926
"2380",56856,0.437720046943348
"2381",39420,1.00692414381735
"2382",36390,0.173407660300864
"2383",59193,-0.740403286034354
"2384",14523,0.741374159820762
"2385",88363,0.188610903659447
"2386",87054,0.0732956364024325
"2387",26243,-0.144116078096661
"2388",217215,0.0628827483196415
"2389",12863,0.16853195348341
"2390",101037,0.147279419609517
"2391",67309,0.0926064227035101
"2392",88372,2.67466659554038
"2393",5966,0.0811266403499413
"2394",63311,1.59442014296383
"2395",72911,-1.16122906219994
"2396",26789,0.17234610050144
"2397",44551,0.221801984423344
"2398",28754,0.100688146804652
"2399",88522,0.0951349621252534
"2400",100440,-0.0655606529392937
"2401",32460,0.360711618478609
"2402",69603,0.0396564600448096
"2403",39422,6.06741704897045
"2404",77988,1.1249653259362
"2405",65792,0.192115651338952
"2406",20300,0.232038834951456
"2407",15641,-0.0189907180198442
"2408",76457,0.314563106796116
"2409",39419,-0.00951669689533767
"2410",56874,0.241875600128027
"2411",101180,1.73600768163875
"2412",76072,0.161282406913475
"2413",74805,0.104262242611757
"2414",19028,0.449509228635442
"2415",101025,0.134706070628401
"2416",101217,7.11120238984317
"2417",63284,0.603963512215939
"2418",27016,0.624970660407554
"2419",84393,0.297540808705857
"2420",29515,0.0405899925317401
"2421",16682,0.0658593833351115
"2422",18990,0.154656993491945
"2423",39694,0.336082364237704
"2424",101028,0.0952629894377467
"2425",51158,0.227829937053238
"2426",86533,0.211730502507202
"2427",101047,1.96398164941854
"2428",86990,0.324634588712259
"2429",16799,0.198885095487037
"2430",78016,-0.0550837512002561
"2431",88511,0.278096660620932
"2432",56942,0.301808385788968
"2433",10842,-0.0360076816387496
"2434",101104,0.69865571321882
"2435",63299,0.24510295529713
"2436",87073,0.961197055371813
"2437",67357,-0.0771417902485864
"2438",19498,0.754875706817454
"2439",65368,-0.047935559586045
"2440",101163,0.699839965859383
"2441",27746,0.273653045983143
"2442",16846,0.178838152139123
"2443",74804,0.52064440413955
"2444",37394,0.0422863544222768
"2445",64920,0.105894590846047
"2446",85437,1.96322948895764
"2447",101024,0.34462285287528
"2448",16026,0.0674277179131548
"2449",63277,0.480977275152032
"2450",86558,0.389693801344287
"2451",78115,0.351669689533767
"2452",58747,0.188637576016217
"2453",14515,0.0637789395070948
"2454",86559,1.08749599914648
"2455",63347,3.89549770617732
"2456",12862,0.287634695401686
"2457",26496,0.103830150432092
"2458",51156,0.210924997332764
"2459",63257,0.157356235997013
"2460",32462,0.410604929051531
"2461",14540,0.0979729008855222
"2462",63319,3.56717699775952
"2463",100983,0.156278672783527
"2464",17957,0.394921583271098
"2465",14521,0.16603542088979
"2466",19490,0.0550730822575483
"2467",57184,0.311933212418649
"2468",100433,0.227595220313667
"2469",101216,2.03473274298517
"2470",26265,-0.167865144564174
"2471",75026,0.277536541128774
"2472",20920,0.688946975354742
"2473",43641,0.224789288381521
"2474",37258,15.3414968526619
"2475",15832,0.175344073402326
"2476",100568,0.158951242931825
"2477",26665,0.0975248052917956
"2478",76075,0.067513069454817
"2479",43735,0.245839112343967
"2480",14492,0.123503680785234
"2481",38494,0.107004160887656
"2482",21184,0.391171449909314
"2483",88367,0.184284647391444
"2484",63259,0.987378640776699
"2485",15895,0.0894057398911768
"2486",43801,0.335378214018991
"2487",58910,0.229590312600021
"2488",17186,0.1480795903126
"2489",43775,0.0301397631494719
"2490",88361,0.197178064653793
"2491",69002,0.00656673423663715
"2492",43845,0.248863757601622
"2493",26511,0.134412674703937
"2494",31862,0.220174970660408
"2495",84307,2.25150965539315
"2496",67350,-0.181345353675451
"2497",63345,2.24747146057826
"2498",63283,0.670132294889576
"2499",36986,0.140734023258295
"2500",15653,-0.0593833351114905
"2501",76872,0.0438973647711512
"2502",14522,-0.0273551691027419
"2503",73065,4.07632028166009
"2504",15865,0.533185746292542
"2505",4949,0.091219460151499
"2506",64634,0.114317721113838
"2507",987018,0.346633948575696
"2508",926435,0.131195988477542
"2509",39449,0.683905899925317
"2510",17919,0.4250346740638
"2511",86624,0.199242505067748
"2512",12886,0.315400618798677
"2513",51109,-0.0845300330737224
"2514",12871,0.269294782887016
"2515",39421,0.0675557452256481
"2516",18351,0.297455457164195
"2517",43078,0.300842846473914
"2518",15763,0.102613890963406
"2519",39665,-0.166712898751734
"2520",23536,0.20259255307799
"2521",12861,0.275290728688787
"2522",67296,0.423775738824283
"2523",19468,0.289229702336498
"2524",48715,-0.000554785020804438
"2525",26667,0.305329136882535
"2526",58208,0.184284647391444
"2527",34154,-0.0148671716632882
"2528",100413,2.85191507521605
"2529",926233,0.267032967032967
"2530",992000,0.485607596287208
"2531",63262,0.161826522991572
"2532",43049,0.177781926811053
"2533",46320,3.81712365304598
"2534",64922,0.302779259575376
"2535",29118,0.483361783847221
"2536",30305,0.804528966179452
"2537",40055,0.281884135282194
"2538",63263,0.296164515096554
"2539",43799,0.229510295529713
"2540",87499,0.278480742558412
"2541",76467,1.16918275898858
"2542",16796,0.107815000533447
"2543",23981,0.95124826629681
"2544",926229,0.966350154699669
"2545",36924,0.492238344180092
"2546",89841,0.285820975141364
"2547",81177,0.885244852235143
"2548",63260,0.658391123439667
"2549",27051,0.0429798356982823
"2550",986582,0.0274511895871119
"2551",84367,1.09503894164088
"2552",59185,0.443011842526406
"2553",43749,0.0319534834097941
"2554",85986,0.0614851168249227
"2555",67353,-0.192046303211352
"2556",37257,0.690344606849461
"2557",974829,0.164739144350795
"2558",26263,-0.155233116398165
"2559",76433,0.212450656139977
"2560",447,0.620222980902593
"2561",926714,0.242835804971727
"2562",26988,0.0648458337778726
"2563",31985,0.490515309932786
"2564",26291,1.20555851915075
"2565",58202,0.26783313773605
"2566",58206,0.215774031793449
"2567",33180,1.67487463992318
"2568",86420,1.73370852448522
"2569",39300,0.344830897258082
"2570",26261,-0.115443294569508
"2571",76477,0.426629680998613
"2572",39408,0.0925690814040329
"2573",14524,0.133809879440947
"2574",21540,0.0354368932038835
"2575",37630,0.319598847754188
"2576",931246,0.940360610263523
"2577",63261,2.2754507628294
"2578",63297,1.17601621679292
"2579",63344,1.55108823215619
"2580",63282,0.627616558199082
"2581",86456,6.66291475514776
"2582",21986,0.135650272058039
"2583",80023,0.235900992211672
"2584",86455,6.71456310679612
"2585",51121,0.188157473594367
"2586",43831,2.49119812226608
"2587",86454,0.610973007574949
"2588",937067,0.649114477755254
"2589",18201,0.544441480849248
"2590",23268,0.693673316974288
"2591",920374,0.377867278352715
"2592",28858,1.48686119705537
"2593",23267,0.390584658060386
"2594",101187,0.549237170596394
"2595",67902,1.48084391336819
"2596",922262,0.173765069881575
"2597",922263,0.30038408193748
"2598",86582,0.88530886589139
"2599",928296,0.225189373733063
"2600",88570,0.546057825669476
"2601",25032,1.66807318894698
"2602",33110,1.04337458657847
"2603",100719,0.489885842313027
"2604",33111,0.166664888509549
"2605",43797,1.52520537714712
"2606",921219,0.398324975994879
"2607",986503,0.327813933639176
"2608",58925,3.24169956257335
"2609",17659,0.224762616024752
"2610",17913,0.155211778512749
"2611",17917,0.347567481062627
"2612",26233,0.315742024965326
"2613",65451,0.367022298090259
"2614",918217,0.217326362957431
"2615",26205,0.797524805291796
"2616",27380,0.193502613890963
"2617",39322,1.37147658167076
"2618",59192,4.08242291688894
"2619",26373,0.739795156300011
"2620",946218,-0.738973647711512
"2621",26370,2.95926597674171
"2622",67905,0.569897578150005
"2623",88566,0.328944841566201
"2624",19497,0.341939613784274
"2625",25990,0.975125360076816
"2626",498,0.387314627120452
"2627",26900,0.293641310146165
"2628",62809,0.0327109783420463
"2629",65454,0.240477968633308
"2630",65457,0.805638536221061
"2631",43860,2.13862690707351
"2632",962093,3.06497386109037
"2633",39352,0.646815320601728
"2634",75263,1.05134962125253
"2635",78128,2.91065827376507
"2636",78133,11.3626213592233
"2637",26413,0.196809986130374
"2638",78129,1.66952949962659
"2639",27116,0.509185959671397
"2640",64282,1.06065827376507
"2641",28893,1.07465059212632
"2642",37403,1.10392617091646
"2643",38530,0.310130161101035
"2644",57279,1.02824602581884
"2645",75264,1.31963618905366
"2646",38102,0.671583271097834
"2647",57303,0.267774458551158
"2648",37302,0.973546356556065
"2649",26196,0.565080550517444
"2650",37304,0.473605035740958
"2651",101462,0.27986237063907
"2652",66052,0.295252320495039
"2653",101339,0.591790248586365
"2654",64389,1.76860130161101
"2655",47775,0.403942174330524
"2656",926442,0.268857356235997
"2657",65467,0.36670756428038
"2658",26411,0.533084391336819
"2659",901369,0.778966179451616
"2660",21458,0.332726981756108
"2661",926364,0.835378214018991
"2662",18095,0.622991571535261
"2663",30322,0.368553291368825
"2664",27079,0.3259255307799
"2665",78153,0.393486610476902
"2666",77330,0.697172730182439
"2667",80518,0.86161847860877
"2668",88354,0.810924997332764
"2669",101044,0.268809345993812
"2670",64388,0.372271417902486
"2671",88369,0.474895977808599
"2672",22154,1.16647818201216
"2673",78108,0.313266830257122
"2674",77367,0.467171663288168
"2675",101355,0.445604395604396
"2676",76079,0.307030833244425
"2677",86503,1.26113837618692
"2678",922260,0.105110423557026
"2679",76077,0.299567907820335
"2680",76069,0.309527365838045
"2681",76067,0.417603755467833
"2682",87018,1.27138589565774
"2683",19494,0.484316654219567
"2684",6016,0.499263842953163
"2685",101299,1.57855009068601
"2686",12860,2.57734450016003
"2687",922040,0.167459724741278
"2688",21222,0.396996692627761
"2689",72532,0.448319641523525
"2690",20116,0.809009922116718
"2691",21226,0.276432305558519
"2692",74737,0.6278459404673
"2693",15258,0.397455457164195
"2694",56783,1.21870799103809
"2695",56782,1.32436253067321
"2696",100737,0.153643443934706
"2697",100994,0.600789501760376
"2698",919217,1.16607276218927
"2699",65209,0.303942174330524
"2700",76413,0.961666488850955
"2701",80382,0.491182118852022
"2702",65482,0.534972794196095
"2703",78107,0.531649418542622
"2704",22172,0.421823322308759
"2705",47647,0.59100074682599
"2706",62422,0.353136669156087
"2707",4044,0.52080977275152
"2708",87013,0.328379387602689
"2709",39381,1.8194121412568
"2710",39382,2.26402965966073
"2711",87563,0.369934919449483
"2712",37233,0.832785660941001
"2713",26416,0.718478608769871
"2714",16050,0.181692094313454
"2715",101428,1.77408513816281
"2716",69618,0.702475194708204
"2717",975094,-0.00576122906219994
"2718",28302,0.459879440947402
"2719",87282,1.58904299583911
"2720",80239,2.37004694334791
"2721",47649,0.536146377893951
"2722",47646,0.794974927984637
"2723",16685,0.93591166115438
"2724",80238,0.492910487570682
"2725",925475,0.721625946868665
"2726",26362,0.500416088765603
"2727",26432,0.439965859383335
"2728",68009,1.571193854689
"2729",916445,0.92736583804545
"2730",101151,1.36176250933532
"2731",921542,0.395828443401259
"2732",101086,0.267513069454817
"2733",101472,0.70899925317401
"2734",101513,5.00009602048437
"2735",25418,0.741475514776486
"2736",101200,1.12422916888936
"2737",100847,0.205003734129948
"2738",25459,1.04597247412781
"2739",101471,1.45132828336712
"2740",101293,0.625856182652299
"2741",926519,0.700250720153633
"2742",43237,0.484652725914862
"2743",43287,0.317038301504321
"2744",43232,0.404817027632562
"2745",64339,0.377237810732956
"2746",921198,0.120409687399979
"2747",61616,0.531211991891604
"2748",101018,0.192489064333725
"2749",80250,0.198901098901099
"2750",43282,0.342184999466553
"2751",101181,0.203040648671717
"2752",101034,-0.00189907180198442
"2753",43901,-0.580950602795263
"2754",37607,-0.855734556705431
"2755",37605,-0.404571641950283
"2756",37606,-0.766990291262136
"2757",988547,-0.541875600128027
"2758",922178,0.183655179771685
"2759",101141,-0.0739091006081297
"2760",72364,0.159089939187027
"2761",80022,0.165128560759629
"2762",36756,0.629830363810946
"2763",101032,-0.265123226288275
"2764",23514,-0.185340872719513
"2765",27357,0.249919982929692
"2766",4029,-0.0175557452256481
"2767",39876,0.18437533340446
"2768",36679,0.283660514243039
"2769",43442,0.340056545396351
"2770",1221,0.530934599381201
"2771",28067,0.583719193427931
"2772",43345,0.483281766776912
"2773",67426,0.360599594580177
"2774",43343,0.738813613570895
"2775",78592,0.187938760268857
"2776",27585,0.249146484583378
"2777",80591,0.285298196948682
"2778",10797,0.635250186706497
"2779",86599,0.328005974607916
"2780",2368,-0.104363597567481
"2781",10835,0.0814147018030513
"2782",59169,0.138509548703723
"2783",14495,0.117646431238664
"2784",33647,0.584588712258615
"2785",80589,0.549765283260429
"2786",65252,0.50374479889043
"2787",56767,0.116558199082471
"2788",64924,0.240168569294783
"2789",39856,0.250037341299477
"2790",100129,0.917822468793343
"2791",80159,0.158940573989118
"2792",63359,0.267806465379281
"2793",34818,0.0380561186386429
"2794",43439,0.201392297023365
"2795",33935,0.121849994665529
"2796",100501,0.0789928518083858
"2797",77375,0.283745865784701
"2798",36311,0.288061453109997
"2799",73721,0.24263309506028
"2800",26892,0.0954550304064867
"2801",28042,0.240872719513496
"2802",56768,0.2605622532807
"2803",100479,0.0720900458764536
"2804",100417,0.0241011415768697
"2805",89635,0.299541235463566
"2806",100499,-0.0082150858849888
"2807",77777,0.244094740211245
"2808",37586,0.255201109570042
"2809",100035,0.11111170383015
"2810",61613,0.150976208257762
"2811",100127,0.39990397951563
"2812",39655,0.299989331057292
"2813",77771,-0.0428944841566201
"2814",100549,-0.0224367865144564
"2815",789,0.223338312173264
"2816",100488,-0.0118638642910488
"2817",100576,0.00666808919236104
"2818",5643,0.0274085138162808
"2819",1876,0.752032433585832
"2820",100569,-0.180662541342153
"2821",100331,-0.0297610156833458
"2822",39834,0.238344180091753
"2823",56803,0.406246665955404
"2824",494,0.446559265976742
"2825",100353,0.799583911234397
"2826",76665,0.243822682172197
"2827",100037,0.514589779152886
"2828",42175,0.275482769657527
"2829",56804,0.643113197482129
"2830",100128,0.997060706284007
"2831",100071,0.403259361997226
"2832",56797,0.44078203350048
"2833",100243,0.612594686866532
"2834",43219,0.42167395711085
"2835",37097,0.429270244318788
"2836",56791,0.736381094633522
